,Unnamed: 0,0,Comp1,Comp2,ArtistCleaned,,Year1,YearGrouped
1,2,2-chainz,2.436722539,19.3666797,2 Chainz,Atlanta,2009,2000
2,3,2-pistols,-21.43068784,17.35988277,2 Pistols,Florida,2008,2000
3,4,21-savage,-1.205947624,31.62982532,21 Savage,Atlanta,2015,2010
4,5,2pac,6.461098082,-5.157632422,2pac,LA,1991,1990
5,6,360,-16.20665987,-8.165600985,360,Australia,2008,2000
6,7,50-cent,9.878149577,9.55108988,50 Cent,NYC,2000,2000
7,8,9th-wonder,12.22396668,-24.81566605,9th Wonder,North Carolina,2005,2000
8,9,A-ap-ant,4.503336262,29.83416128,A$SP Ant,NYC,2014,2010
9,10,A-ap-ferg,-3.006042643,17.13316597,A$SP Ferg,NYC,2013,2010
10,11,A-ap-mob,1.355205769,18.45042253,A$SP Mob,NYC,2012,2010
11,12,A-ap-nast,-27.41258589,20.00177111,A$SP Nast,NYC,2016,2010
12,13,A-ap-rocky,-0.306009214,15.92467443,A$SP Rocky,NYC,2013,2010
13,14,Ab-soul,-5.977197151,-2.495185501,Ab Soul,LA,2009,2000
15,16,Ace-hood,2.921452341,25.68882929,Ace Hood,,2008,2000
16,17,Aceyalone,7.331538814,-26.08189527,Aceyalone,,1995,1990
17,18,Action-bronson,-4.874043472,-6.578795996,Action Bronson,,2011,2010
18,19,Aesop-rock,-15.36733897,-14.79090635,Aesop Rock,,1997,1990
19,20,Afroman,-1.045642714,-12.23482313,Afroman,,2000,2000
20,21,Afu-ra,4.705616017,-20.61707804,Afu Ra,,2000,2000
21,22,Ahmad,6.690005359,-18.37367946,Ahmad,,1994,1990
22,23,Akala,-11.57734834,-18.37063392,Akala,,2004,2000
23,24,Akinyele,-3.763513266,-19.2615579,Akinyele,,1993,1990
24,25,Akon,24.91553318,1.535059202,Akon,,2004,2000
25,26,Amg,17.40664148,-0.754062659,Amg,,1992,1990
26,27,Anderson-paak,-17.44025261,6.872111862,Anderson Paak,,2013,2010
27,28,Andre-nickatina,14.35333336,-1.124013348,Andre Nickatina,,1993,1990
28,29,Andy-mineo,23.21220289,22.88817266,Andy Mineo,,2009,2000
29,30,Angel-haze,-13.57565924,-9.149970792,Angel Haze,,2011,2010
30,31,Angie-martinez,21.63706936,-4.604636702,Angie Martinez,,2001,2000
31,32,Apache,22.2248378,-7.007553594,Apache,,1992,1990
32,33,Apathy,-6.363256983,-24.59079343,Apathy,,2003,2000
33,34,Asher-roth,-18.12164444,-10.10865404,Asher Roth,,2006,2000
34,35,Astronautalis,-12.95881124,-13.26040307,Astronautalis,,2003,2000
35,36,Az,9.501989001,-13.05165937,Az,,1995,1990
36,37,Azealia-banks,-16.04309854,22.69440039,Azealia Banks,,2012,2010
37,38,Baby-bash,21.95223899,-0.795379071,Baby Bash,,2002,2000
38,39,Baby-boy-da-prince,12.02859633,13.19459627,Baby Boy Da Prince,,2007,2000
39,40,Baeza,-9.096747074,19.01692171,Baeza,,2013,2010
40,41,Bahamadia,0.333053321,-30.13084925,Bahamadia,,1996,1990
41,42,Bas,1.53947975,12.95428486,Bas,,2011,2010
42,43,Beanie-sigel,7.806569171,-9.322164136,Beanie Sigel,,2000,2000
43,44,Becky-g,-21.43730243,12.04075973,Becky G,,2013,2010
44,45,Beenie-man,3.509565027,3.732860033,Beenie Man,,1992,1990
45,46,Benzino,14.23470788,-9.093602931,Benzino,,2003,2000
46,47,Bg,19.56779129,10.89752576,Bg,,1995,1990
47,48,Big-boi,-0.81571837,15.99711726,Big Boi,,2010,2010
48,49,Big-d,-9.283493388,-19.48249728,Big D,,2012,2010
49,50,Big-daddy-kane,5.39956594,-23.53599011,Big Daddy Kane,,1988,1980
50,51,Big-krit,20.21243658,15.24747734,Big Krit,,2005,2000
51,52,Big-l,4.661576206,-14.79787555,Big L,,1995,1990
52,53,Big-moe,24.39593627,11.5958766,Big Moe,,2000,2000
53,54,Big-pun,6.368714832,-12.53719518,Big Pun,,1998,1990
54,55,Big-scoob,-21.79904435,21.79448801,Big Scoob,,2011,2010
55,56,Big-sean,-2.258003616,9.161431994,Big Sean,,2007,2000
56,57,Big-tymers,20.46641239,9.325921904,Big Tymers,,1998,1990
57,58,Birdman,13.27342504,14.39477143,Birdman,,2002,2000
58,59,Bishop-nehru,-11.28368946,-3.592776555,Bishop Nehru,,2013,2010
59,60,Biz-markie,10.82950215,-20.25497741,Biz Markie,,1986,1980
60,61,Bizarre,-23.77802611,-4.920576706,Bizarre,,1998,1990
61,62,Bizzy-bone,6.038473278,-6.937769504,Bizzy Bone,,1998,1990
62,63,Bj-the-chicago-kid,-14.13626512,15.50640868,Bj The Chicago Kid,,2009,2000
63,64,Black-milk,-6.209654397,4.449853085,Black Milk,,2003,2000
64,65,Black-rob,10.27844602,10.54319477,Black Rob,,2000,2000
65,66,Black-star,-0.887894253,-28.98189992,Black Star,,1997,1990
66,67,Blu,-5.448409755,2.789572915,Blu,,2007,2000
67,68,Bob,-3.40150896,11.8518241,Bob,,2007,2000
68,69,Bobby-brackins,1.534159137,20.60871664,Bobby Brackins,,2010,2010
69,70,Bobby-shmurda,-1.893298236,20.33030153,Bobby Shmurda,,2014,2010
70,71,Bohemia,26.38238366,-18.97303396,Bohemia,,2006,2000
71,72,Bone-crusher,19.97012509,7.249901825,Bone Crusher,,2003,2000
72,73,Booba,26.48759845,-20.36480234,Booba,,2002,2000
73,74,Boondox,-22.58767996,-7.197746802,Boondox,,2006,2000
74,75,Boosie-badazz,12.88140937,25.37970492,Boosie Badazz,,2002,2000
75,76,Bow-wow,25.42234235,-1.223455255,Bow Wow,,2000,2000
76,77,Brotha-lynch-hung,-23.55293292,-8.413387266,Brotha Lynch Hung,,1993,1990
77,78,Brother-ali,-11.41191167,-14.92208775,Brother Ali,,2000,2000
78,79,Bryson-tiller,-10.07400632,18.74988937,Bryson Tiller,,2011,2010
79,80,Bubba-sparxxx,-11.39312093,-25.34456794,Bubba Sparxxx,,2003,2000
80,81,Bun-b,21.500785,10.04931732,Bun B,,2005,2000
81,82,Busdriver,-17.36982602,-13.0924205,Busdriver,,1999,1990
82,83,Busta-rhymes,4.395873671,-19.2036671,Busta Rhymes,,1996,1990
83,84,C-murder,20.01542673,12.89764855,C Murder,,1998,1990
84,85,Cage,-18.70257549,-12.46426197,Cage,,1998,1990
85,86,Camron,9.049628201,11.5937595,Camron,,1998,1990
86,87,Canibus,-6.980768663,-22.02308185,Canibus,,1993,1990
87,88,Capital-steez,-5.23006403,-1.826812328,Capital Steez,,2012,2010
88,89,Cappadonna,6.53611354,-34.39908028,Cappadonna,,1998,1990
89,90,Carnage,2.707637181,27.4410307,Carnage,,2012,2010
90,91,Casey-veggies,-1.212168518,10.1932989,Casey Veggies,,2007,2000
91,92,Caskey,-5.05298684,25.75849017,Caskey,,2011,2010
92,93,Cassidy,12.9696398,11.47941744,Cassidy,,2003,2000
93,94,Ceelo-green,-17.97649527,11.26764394,Ceelo Green,,2002,2000
94,95,Celly-cel,9.404805841,-2.272834101,Celly Cel,,1994,1990
95,96,Celph-titled,-6.01877568,-24.81509079,Celph Titled,,2006,2000
96,97,Ceza,25.80368022,-19.10629259,Ceza,,2002,2000
97,98,Chamillionaire,27.57471282,8.078094516,Chamillionaire,,2003,2000
98,99,Chance-the-rapper,-0.31074861,19.79276081,Chance The Rapper,,2012,2010
99,100,Chanel-west-coast,-2.083235782,12.80768809,Chanel West Coast,,2013,2010
100,101,Charles-hamilton,-16.40411462,-10.12944456,Charles Hamilton,,2007,2000
101,102,Charli-baltimore,15.05265892,-5.907190339,Charli Baltimore,,1999,1990
102,103,Chevy-woods,3.627576509,28.61834623,Chevy Woods,,2011,2010
103,104,Chiddy-bang,-10.25159423,4.41613757,Chiddy Bang,,2009,2000
104,105,Chief-keef,1.39214358,35.41275254,Chief Keef,,2011,2010
105,106,Childish-gambino,-11.3565738,3.406580355,Childish Gambino,,2008,2000
106,107,Chingy,22.64841438,-1.799989027,Chingy,,2003,2000
107,108,Chino-xl,-3.312799318,-30.05057924,Chino Xl,,1996,1990
108,109,Chinx,8.661111805,27.19897608,Chinx,,2011,2010
109,110,Chip,-15.09525112,-21.31613129,Chip,,2007,2000
110,111,Choppa,23.31189939,9.286989824,Choppa,,2002,2000
111,112,Chris-brown,-10.86253559,18.37086685,Chris Brown,,2005,2000
112,113,Chris-webby,-16.59256923,-4.721276881,Chris Webby,,2009,2000
113,114,Chubb-rock,3.889641628,-23.5513672,Chubb Rock,,1989,1980
114,115,Chuck-d,2.67010752,-27.12667091,Chuck D,,1996,1990
115,116,Cj-fly,-4.818832338,-2.642610977,Cj Fly,,2013,2010
116,117,Cl,-25.82167533,22.80054344,Cl,,1996,1990
117,118,Classified,8.738593259,-23.68745989,Classified,,1996,1990
118,119,Clipse,10.99947667,-13.93449085,Clipse,,1999,1990
119,120,Clyde-carson,0.654684216,21.38959756,Clyde Carson,,2009,2000
120,121,Common,6.504243894,-30.94342625,Common,,1992,1990
121,122,Consequence,22.31788551,-11.18031831,Consequence,,2003,2000
122,123,Coolio,12.48896021,-1.929163079,Coolio,,1994,1990
123,124,Cormega,5.652164887,-30.4969162,Cormega,,2001,2000
124,125,Craig-mack,2.083285143,-20.13284996,Craig Mack,,1994,1990
125,126,Crime-mob,19.06157265,6.292014057,Crime Mob,,2004,2000
126,127,Crooked-i,5.904215659,7.528691278,Crooked I,,2003,2000
127,128,Curren-y,2.040639195,11.24334827,Curren$y,,2004,2000
128,129,Cyhi-the-prynce,-9.780701178,28.40831639,Cyhi The Prynce,,2010,2010
129,130,D-block,11.75688021,-8.726308066,D Block,,2005,2000
130,131,D-lo,-1.037690879,24.85538478,D Lo,,2013,2010
131,132,Da-brat,20.49303961,-6.577546791,Da Brat,,1994,1990
132,133,Da-h,-8.246037924,25.16197808,Da H,,2011,2010
133,134,Dan-bull,-14.81990999,-13.93682325,Dan Bull,,2012,2010
134,135,Dangelo,-16.66269619,12.16552206,Dangelo,,1995,1990
135,136,Danny-brown,-7.625580969,24.93058863,Danny Brown,,2007,2000
136,137,Dappy,-12.84597993,6.375649442,Dappy,,2012,2010
137,138,Dave-east,8.337172933,26.49066748,Dave East,,2012,2010
138,139,Daveed-diggs,-6.115688447,-7.67999467,Daveed Diggs,,2012,2010
139,140,David-banner,18.66712489,7.825438494,David Banner,,2000,2000
140,141,David-dallas,-12.33133382,-6.669501936,David Dallas,,2017,2010
141,142,Daz-dillinger,7.159220238,-4.741440948,Daz Dillinger,,1998,1990
142,143,Dej-loaf,2.494094291,25.90026804,Dej Loaf,,2012,2010
143,144,Del-the-funky-homosapien,7.578951049,-26.12328908,Del The Funky Homosapien,,1991,1990
144,145,Dem-franchize-boyz,23.25471646,1.383062336,Dem Franchize Boyz,,2006,2000
145,146,Deniro-farrar,-7.346349149,30.83798685,Deniro Farrar,,2013,2010
146,147,Denzel-curry,-9.758714608,0.55034921,Denzel Curry,,2009,2000
147,148,Derek-minor,24.27999762,22.14632664,Derek Minor,,2010,2010
148,149,Desiigner,-0.309952642,35.80850732,Desiigner,,2016,2010
149,150,Deuce,-21.58015775,-3.689159266,Deuce,,2005,2000
150,151,Dev,-15.99632881,14.19783051,Dev,,2011,2010
151,152,Devin-the-dude,17.87494164,-2.882416156,Devin The Dude,,1998,1990
152,153,Devlin,-12.32563991,-19.3782518,Devlin,,2002,2000
153,154,Diabolic,-6.856069175,-28.65285645,Diabolic,,1998,1990
154,155,Diamond-d,14.57064737,-17.27906287,Diamond D,,1997,1990
155,156,Diggy-simmons,-10.44558783,11.53081916,Diggy Simmons,,2009,2000
156,157,Dillon-cooper,0.116209961,14.11086258,Dillon Cooper,,2013,2010
157,158,Dizzee-rascal,-15.31488432,-21.59961287,Dizzee Rascal,,2003,2000
158,159,Dizzy-wright,-2.641225671,5.789645813,Dizzy Wright,,2010,2010
159,160,Dj-clue,11.76554868,-7.312178581,Dj Clue,,1998,1990
160,161,Dj-drama,8.40395967,19.60331479,Dj Drama,,2007,2000
161,162,Dj-fresh,-21.47849541,9.915817295,Dj Fresh,,2006,2000
162,163,Dj-kay-slay,12.16703935,-11.63187508,Dj Kay Slay,,2003,2000
163,164,Dj-khaled,9.830268213,21.16584639,Dj Khaled,,2006,2000
164,165,Dj-mustard,1.152184713,27.23938049,Dj Mustard,,2013,2010
165,166,Dj-paul,20.08549209,3.449624072,Dj Paul,,1994,1990
166,167,Dj-quik,17.60614874,-2.511942746,Dj Quik,,1987,1980
167,168,Dj-screw,28.41258415,10.21598219,Dj Screw,,1996,1990
168,169,Dj-shadow,-24.81996817,14.09044825,Dj Shadow,,1994,1990
169,170,Dj-yella,17.20105842,-9.101995629,Dj Yella,,1996,1990
170,171,Dmx,4.006180074,-10.15367428,Dmx,,1972,1980
171,172,Doe-b,3.884365325,28.94966317,Doe B,,2012,2010
172,173,Dok2,-22.53377753,-21.25171318,Dok2,,2009,2000
173,174,Dolla,-22.95418617,18.43278025,Dolla,,2007,2000
174,175,Dom-kennedy,-8.386819846,8.993850394,Dom Kennedy,,2007,2000
175,176,Domo-genesis,-9.100471325,-1.073269736,Domo Genesis,,2010,2010
176,177,Dorrough,13.41874901,4.307846906,Dorrough,,2010,2010
177,178,Dr-dre,2.246844785,-13.0682589,Dr Dre,,1992,1990
178,179,Drag-on,12.52922245,-11.03776964,Drag On,,1977,1980
179,180,Drake,-9.041505027,9.23441971,Drake,,2006,2000
180,181,Dram,-7.284115106,18.19483416,Dram,,2014,2010
181,182,Dumbfoundead,-11.44905412,5.89744867,Dumbfoundead,,2008,2000
182,183,E-40,-27.96230536,-5.421273655,E 40,,1990,1990
183,184,Earl-sweatshirt,-14.17393119,-2.733269076,Earl Sweatshirt,,2008,2000
184,185,Eazy-e,0.02032644,-12.96671253,Eazy E,,1988,1980
185,186,Edo-g,-1.401074445,-28.48356163,Edo G,,2001,2000
186,187,Edo-maajka,26.87342578,-17.89258737,Edo Maajka,,2002,2000
187,188,El-p,-13.97490145,-16.456107,El P,,2002,2000
188,189,Elephant-man,1.973074738,4.559844728,Elephant Man,,2000,2000
189,190,Elzhi,-11.58854332,-4.041873298,Elzhi,,1998,1990
190,191,Eminem,-22.01124593,-4.633626174,Eminem,,1996,1990
191,192,Eric-biddines,-21.04370362,5.219629092,Eric Biddines,,2014,2010
192,193,Erick-sermon,1.968431619,-20.27793154,Erick Sermon,,1993,1990
193,194,Esg,26.37225952,13.26713779,Esg,,1981,1980
194,195,Esham,4.470947924,-3.530270196,Esham,,1989,1980
195,196,Eve,14.13328594,1.966584345,Eve,,1970,1980
196,197,Evidence,-8.760443509,-8.622521029,Evidence,,2007,2000
197,198,Eyedea,-12.68660993,-10.80070961,Eyedea,,2001,2000
198,199,Fabolous,9.848869279,19.51904632,Fabolous,,2001,2000
199,200,Fabri-fibra,28.6733469,-18.83984915,Fabri Fibra,,2002,2000
200,201,Fashawn,-4.959237617,2.235460163,Fashawn,,2008,2000
201,202,Fat-joe,13.30207561,-11.66529631,Fat Joe,,1993,1990
202,203,Fat-pat,26.24279087,12.20710933,Fat Pat,,2006,2000
203,204,Fat-trel,6.272672439,29.06890486,Fat Trel,,2010,2010
204,205,Father-mc,-23.15372292,16.28046231,Father Mc,,1990,1990
205,206,Fergie,-16.50107238,9.917960841,Fergie,,2006,2000
206,207,Fetty-wap,0.349146088,27.52973532,Fetty Wap,,2015,2010
207,208,Field-mob,14.02436637,-2.141227987,Field Mob,,2000,2000
208,209,Fiend,6.052430956,-2.509507458,Fiend,,1998,1990
209,210,Flame,23.39096955,21.71654557,Flame,,2000,2000
210,211,Flatbush-zombies,-9.291541937,-1.187620791,Flatbush Zombies,,2012,2010
211,212,Flavor-flav,21.07936907,-13.49408623,Flavor Flav,,2006,2000
212,213,Flo-rida,-11.64143486,15.10580111,Flo Rida,,2008,2000
213,214,Flying-lotus,-6.859782774,-6.447369355,Flying Lotus,,2007,2000
214,215,Focus,1.165514712,-24.35350927,Focus,,1970,1980
215,216,Fonzworth-bentley,-17.21228701,22.4154995,Fonzworth Bentley,,2011,2010
216,217,Fort-minor,5.6105771,-25.86491889,Fort Minor,,2005,2000
217,218,Foxx,14.91581312,9.177454689,Foxx,,2007,2000
218,219,Foxy-brown,13.55942822,-6.859307998,Foxy Brown,,1996,1990
219,220,Frank-ocean,-16.36009555,6.828108425,Frank Ocean,,2011,2010
220,221,Frankie-j,-20.96321788,15.22243114,Frankie J,,2003,2000
221,222,Frayser-boy,21.0023114,3.540992354,Frayser Boy,,2003,2000
222,223,Freak-nasty,-14.38912164,11.55708986,Freak Nasty,,1996,1990
223,224,Freddie-gibbs,13.89350416,23.54599198,Freddie Gibbs,,2007,2000
224,225,Fredo-santana,2.109882679,33.80719158,Fredo Santana,,2012,2010
225,226,Fredro-starr,9.499971136,-10.05687422,Fredro Starr,,2001,2000
226,227,Freeway,12.66571731,-13.44511888,Freeway,,2003,2000
227,228,French-montana,6.714782389,25.49201395,French Montana,,2007,2000
228,229,Frenkie,26.76895288,-17.76654713,Frenkie,,2005,2000
229,230,Froggy-fresh,-6.832614776,-14.2338393,Froggy Fresh,,2012,2010
230,231,Funkmaster-flex,-1.651418384,-22.82794923,Funkmaster Flex,,1995,1990
231,232,Future,1.743396205,29.74940249,Future,,2010,2010
232,233,G-dep,5.812681583,-15.81872191,G Dep,,2001,2000
233,234,G-dragon,-21.29557273,-19.60576484,G Dragon,,2009,2000
234,235,G-eazy,-13.65157752,0.814330759,G Eazy,,2008,2000
235,236,G-herbo,0.454573471,36.71685736,G Herbo,,2013,2010
236,237,G-unit,13.79074543,-10.34344519,G Unit,,2003,2000
237,238,Gaeko,-23.13932555,-20.61318023,Gaeko,,2014,2010
238,239,Gangsta-boo,19.55224239,4.276567928,Gangsta Boo,,1998,1990
239,240,Ganksta-nip,3.72572673,-4.583782637,Ganksta Nip,,1992,1990
240,241,Ghostface-killah,6.491525641,-33.10327929,Ghostface Killah,,1996,1990
241,242,Giggs,-14.88827844,-21.37617021,Giggs,,2006,2000
242,243,Gilbere-forte,-2.620370647,2.890712913,Gilbere Forte,,2013,2010
243,244,Glasses-malone,13.54156256,5.977766873,Glasses Malone,,2015,2010
244,245,Gloc-9,25.84857518,-16.90896963,Gloc 9,,2003,2000
245,246,Goodie-mob,-11.55984513,-24.87613382,Goodie Mob,,1995,1990
246,247,Gorilla-zoe,8.497205013,15.70268272,Gorilla Zoe,,2009,2000
247,248,Grafh,-3.435869722,16.2833908,Grafh,,2005,2000
248,249,Grand-puba,14.15465409,-17.23363198,Grand Puba,,1992,1990
249,250,Grandmaster-caz,14.48075854,-25.15725252,Grandmaster Caz,,2005,2000
250,251,Grandmaster-melle-mel,-24.0788098,21.94658599,Grandmaster Melle Mel,,1984,1980
251,252,Greydon-square,-14.31340992,-13.42092154,Greydon Square,,2007,2000
252,253,Grieves,-13.84168175,-9.811312108,Grieves,,2007,2000
253,254,Gucci-mane,2.607128733,31.89359223,Gucci Mane,,2005,2000
254,255,Gudda-gudda,-3.752364287,15.65430275,Gudda Gudda,,2009,2000
255,256,Guerilla-black,20.30373415,-7.890847852,Guerilla Black,,2009,2000
256,257,Guilty-simpson,-2.696828087,-28.18198086,Guilty Simpson,,2008,2000
257,258,Gunplay,14.81894281,19.69349717,Gunplay,,2011,2010
258,259,Guru,4.975554761,-23.58494464,Guru,,1993,1990
259,260,Gza,0.472824859,-30.30445716,Gza,,1991,1990
260,261,Half-a-mill,9.455104081,-11.80129075,Half A Mill,,2000,2000
261,262,Havoc,-1.042154171,1.210537043,Havoc,,1993,1990
262,263,Heavy-d,10.18926628,-19.04458548,Heavy D,,1987,1980
263,264,Hi-c,17.99029274,-1.702920235,Hi C,,1991,1990
264,265,Hi-tek,19.99553855,-8.757696117,Hi Tek,,2001,2000
265,266,Hit-boy,-1.756851093,10.15482451,Hit Boy,,2012,2010
266,267,Hittman,16.71583218,-23.02228778,Hittman,,1988,1980
267,268,Hodgy,-9.659921296,-3.402301579,Hodgy,,2009,2000
268,269,Honey-cocaine,-4.554213675,19.55090699,Honey Cocaine,,2012,2010
269,270,Hoodie-allen,-13.12322054,4.309575013,Hoodie Allen,,2009,2000
270,271,Hopsin,-17.56341237,-4.56391562,Hopsin,,2003,2000
271,272,Huey,25.32904816,-1.703789405,Huey,,2007,2000
272,273,Hurricane-chris,8.471923697,15.35178427,Hurricane Chris,,2007,2000
273,274,Hush,5.389630924,-25.77221598,Hush,,2004,2000
274,275,Hussein-fatal,9.252705643,-4.132138646,Hussein Fatal,,1998,1990
275,276,I-20,18.43820653,5.772641156,I 20,,2004,2000
276,277,Ice-cube,-1.470044728,-14.54350451,Ice Cube,,1990,1990
277,278,Ice-t,1.102107035,-14.70879045,Ice T,,1987,1980
278,279,Iggy-azalea,-11.76356151,20.47410835,Iggy Azalea,,2011,2010
279,280,Ill-bill,-7.338499564,-28.90169907,Ill Bill,,2003,2000
280,281,Ilovemakonnen,-7.780380991,21.38324141,Ilovemakonnen,,2014,2010
281,282,Immortal-technique,-4.486112643,-29.58330445,Immortal Technique,,2001,2000
282,283,Indo-g,-26.76130056,17.89416214,Indo G,,2009,2000
283,284,Inspectah-deck,4.330429246,-32.95799758,Inspectah Deck,,1999,1990
284,285,Isaiah-rashad,-5.151272847,25.09219883,Isaiah Rashad,,2009,2000
285,286,Iyaz,-19.09130097,10.90832663,Iyaz,,2010,2010
286,287,J-cole,-3.706713522,6.775826556,J Cole,,2007,2000
287,288,J-dilla,18.61857709,-14.12851212,J Dilla,,2001,2000
288,289,J-kwon,15.71402365,-2.867478504,J Kwon,,2004,2000
289,290,J-stalin,12.53668262,17.81189192,J Stalin,,2007,2000
290,291,Ja-rule,6.828791211,-6.153044987,Ja Rule,,1999,1990
291,292,Jack-parow,24.24057358,-18.60696839,Jack Parow,,2009,2000
292,293,Jackie-hill-perry,-10.81059327,-12.59461628,Jackie Hill Perry,,2014,2010
293,294,Jadakiss,11.19436957,11.16027266,Jadakiss,,2001,2000
294,295,Jaden-smith,-11.0863246,3.616300558,Jaden Smith,,2013,2010
295,296,Jae-millz,0.966958145,14.9646956,Jae Millz,,2007,2000
296,297,Jake-miller,-15.71308361,6.805874366,Jake Miller,,2012,2010
297,298,Jamal,0.001508232,-19.43495839,Jamal,,1995,1990
298,299,Jamie-foxx,-11.51425721,13.44837214,Jamie Foxx,,1994,1990
299,300,Jarren-benton,-14.50085465,-1.890415017,Jarren Benton,,2010,2010
300,301,Jay-electronica,3.002492417,-28.90595281,Jay Electronica,,2000,2000
301,302,Jay-park,-21.3122925,-20.095273,Jay Park,,2011,2010
302,303,Jay-rock,16.19861711,20.26659497,Jay Rock,,2006,2000
303,304,Jay-z,10.9131087,-15.52392992,Jay Z,,1996,1990
304,305,Jayo-felony,10.22609559,-1.754278629,Jayo Felony,,1994,1990
305,306,Jean-grae,-15.36206952,-12.8205512,Jean Grae,,2002,2000
306,307,Jedi-mind-tricks,-4.01370809,-30.88178381,Jedi Mind Tricks,,1996,1990
307,308,Jeezy,7.403547732,32.19939176,Jeezy,,2005,2000
308,309,Jeremih,-11.86733009,17.49735374,Jeremih,,2009,2000
309,310,Jermaine-dupri,23.74723679,-2.363153802,Jermaine Dupri,,1998,1990
310,311,Jeru-the-damaja,0.816774425,-31.01809377,Jeru The Damaja,,1994,1990
311,312,Jibbs,25.89439581,-2.07200606,Jibbs,,2006,2000
312,313,Jim-jones,15.33074258,15.33500322,Jim Jones,,2004,2000
313,314,Jme,-13.38192526,-22.17602563,Jme,,2005,2000
314,315,Joe-budden,-11.1620941,-9.571581954,Joe Budden,,2003,2000
315,316,Joell-ortiz,14.38729032,-25.4296756,Joell Ortiz,,2007,2000
316,317,Joey-bada,-8.320726757,-2.152613665,Joey Bada,,2012,2010
317,318,John-cena,4.872351306,-17.99608446,John Cena,,2005,2000
318,319,Jon-connor,-3.533102282,6.368483656,Jon Connor,,2005,2000
319,320,Joyner-lucas,-6.919102787,25.66915404,Joyner Lucas,,2015,2010
320,321,Jr-writer,9.653262057,8.858430526,Jr Writer,,2009,2000
321,322,Jt-money,19.45330326,2.426350698,Jt Money,,1992,1990
322,323,Jt-the-bigga-figga,8.69655194,2.297657338,Jt The Bigga Figga,,1993,1990
323,324,Juelz-santana,10.08221375,13.35949054,Juelz Santana,,2003,2000
324,325,Juice,1.247988974,-24.74251928,Juice,,1996,1990
325,326,Juicy-j,3.745682088,34.48306009,Juicy J,,1994,1990
326,327,Jus-allah,-4.350506669,-31.1063211,Jus Allah,,2005,2000
327,328,Justice,-24.0106728,8.761288329,Justice,,2005,2000
328,329,Juvenile,20.73900693,8.840728958,Juvenile,,1994,1990
329,330,K-camp,2.937720129,24.48875334,K Camp,,2014,2010
330,331,K-os,-6.592749704,-12.28125622,K Os,,1990,1990
331,332,K7,-24.14718262,15.31058116,K7,,1993,1990
332,333,Kam,16.76565407,-17.94478613,Kam,,1993,1990
333,334,Kamaiyah,0.573289856,23.02092185,Kamaiyah,,2016,2010
334,335,Kanye-west,-8.017219286,8.249548048,Kanye West,,2002,2000
335,336,Kap-g,1.742442345,25.66220256,Kap G,,2014,2010
336,337,Kardinal-offishall,2.830485615,3.300262817,Kardinal Offishall,,1997,1990
337,338,Kat-dahlia,-21.5397842,7.795971047,Kat Dahlia,,2013,2010
338,339,Katie-got-bandz,-3.055794044,21.18769882,Katie Got Bandz,,2012,2010
339,340,Kb,23.70131909,21.36043619,Kb,,2011,2010
340,341,Keak-da-sneak,14.90573862,-1.556543164,Keak Da Sneak,,2002,2000
341,342,Keith-murray,-0.513855225,-19.72665285,Keith Murray,,1994,1990
342,343,Kendrick-lamar,-8.241606497,1.162770795,Kendrick Lamar,2010,2003,2000
343,344,Kerser,-15.85247811,-7.540912798,Kerser,,2011,2010
344,345,Kevin-gates,-4.509361185,32.64092919,Kevin Gates,,2007,2000
345,346,Kevin-mccall,-18.10344651,14.92085509,Kevin Mccall,,2012,2010
346,347,Khia,16.08828059,1.270614485,Khia,,2002,2000
347,348,Kid-capri,20.90940171,-12.68428075,Kid Capri,,1991,1990
348,349,Kid-cudi,-17.96511258,9.279245167,Kid Cudi,,2001,2000
349,350,Kid-frost,-24.6129998,16.27822185,Kid Frost,,1992,1990
350,351,Kid-ink,-11.09741155,20.5955907,Kid Ink,,2010,2010
351,352,Kid-rock,-20.24734548,-13.7870066,Kid Rock,,1990,1990
352,353,Kidd-kidd,11.1930567,26.95313742,Kidd Kidd,,2011,2010
353,354,Killah-priest,3.71127732,-29.92932971,Killah Priest,,1998,1990
354,355,Killer-mike,-9.378150075,28.53221972,Killer Mike,,2003,2000
355,356,Kilo-ali,-24.30634488,19.03059085,Kilo Ali,,2011,2010
356,357,King-chip,4.25049001,23.92426221,King Chip,,2007,2000
357,358,King-gordy,-22.11800919,-4.945074935,King Gordy,,2003,2000
358,359,Kirk-knight,-6.337450015,-4.78978265,Kirk Knight,,2015,2010
359,360,Kirko-bangz,-7.606542147,20.48664385,Kirko Bangz,,2009,2000
360,361,Kitty,-19.30379431,18.0739202,Kitty,,2013,2010
361,362,Kj-52,-6.922326706,-14.00800761,Kj 52,,2000,2000
362,363,Knaan,-11.63003559,-17.1163083,Knaan,,2004,2000
363,364,Kodak-black,-0.590674834,34.67442262,Kodak Black,,2013,2010
364,365,Kool-ad,-3.465827189,-9.49866669,Kool Ad,,2006,2000
365,366,Kool-g-rap,8.720330115,-12.19060502,Kool G Rap,,1995,1990
366,367,Kool-keith,-0.005093549,-33.06170607,Kool Keith,,1997,1990
367,368,Kool-moe-dee,6.48209571,-22.21330202,Kool Moe Dee,,1986,1980
368,369,Krayzie-bone,7.356166425,-4.596536141,Krayzie Bone,,1999,1990
369,370,Kreayshawn,-6.259225041,18.64813124,Kreayshawn,,2010,2010
370,371,Krizz-kaliko,-20.98239167,0.823827976,Krizz Kaliko,,2007,2000
371,372,Krs-one,4.602622849,-23.18337589,Krs One,,1991,1990
372,373,Kung-fu-vampire,-18.74346412,-6.217380274,Kung Fu Vampire,,2014,2010
373,374,Kurtis-blow,12.6893324,-23.03769719,Kurtis Blow,,1980,1980
374,375,Kurupt,17.21548581,-17.80954654,Kurupt,,1998,1990
375,376,Kutt-calhoun,-22.39799307,-0.540083368,Kutt Calhoun,,2004,2000
376,377,La-chat,20.42455629,3.409316707,La Chat,,2001,2000
377,378,Large-professor,0.626537985,-27.01441738,Large Professor,,1996,1990
378,379,Lauryn-hill,-8.603982453,-12.66279691,Lauryn Hill,,1998,1990
379,380,Lecrae,24.35499049,21.91190707,Lecrae,,2004,2000
380,381,Lil-b,4.927680799,31.1366395,Lil B,,2009,2000
381,382,Lil-bibby,0.560335409,35.51145041,Lil Bibby,,2013,2010
382,383,Lil-cease,22.33491963,-6.867215587,Lil Cease,,1999,1990
383,384,Lil-debbie,5.84695689,18.00756658,Lil Debbie,,2013,2010
384,385,Lil-dicky,-14.91515244,1.332078453,Lil Dicky,,2013,2010
385,386,Lil-durk,2.888009377,36.50029993,Lil Durk,,2011,2010
386,387,Lil-flip,25.58586343,8.862431934,Lil Flip,,2002,2000
387,388,Lil-jon,14.59279343,4.543962965,Lil Jon,,1998,1990
388,389,Lil-keke,26.11830067,12.7030324,Lil Keke,,1997,1990
389,390,Lil-kim,14.08291451,-6.348473743,Lil Kim,,1996,1990
390,391,Lil-mama,-12.39664187,10.03336177,Lil Mama,,2008,2000
391,392,Lil-o,27.09602896,12.56098833,Lil O,,2001,2000
392,393,Lil-reese,1.312826235,34.24907157,Lil Reese,,2012,2010
393,394,Lil-scrappy,18.78440285,2.381222444,Lil Scrappy,,2004,2000
394,395,Lil-troy,26.16013865,4.926135704,Lil Troy,,1999,1990
395,396,Lil-twist,-16.84868721,21.21987185,Lil Twist,,1999,1990
396,397,Lil-uzi-vert,-2.121007111,30.72829999,Lil Uzi Vert,,2014,2010
397,398,Lil-wayne,11.80103258,14.3214268,Lil Wayne,,1999,1990
398,399,Lil-wil,-27.47086129,18.3844189,Lil Wil,,2005,2000
399,400,Lil-wyte,-10.43630625,-25.84344457,Lil Wyte,,2017,2010
400,401,Lil-yachty,-2.849505008,30.49787475,Lil Yachty,,2015,2010
401,402,Ll-cool-j,9.345427818,-19.34800081,Ll Cool J,,1985,1980
402,403,Lloyd-banks,-0.064803612,1.100458685,Lloyd Banks,,2003,2000
403,404,Locksmith,-10.93601939,-7.494901113,Locksmith,,2009,2000
404,405,Logic,-8.830573552,-2.818387692,Logic,,2009,2000
405,406,Lord-finesse,6.077563282,-21.59822671,Lord Finesse,,1990,1990
406,407,Lord-infamous,2.710006897,-4.044807211,Lord Infamous,,1994,1990
407,408,Louis-logic,-17.36913626,-16.73205103,Louis Logic,,2000,2000
408,409,Loverance,13.01040701,3.965025747,Loverance,,2016,2010
409,410,Lowkey,-10.56221997,-17.67351407,Lowkey,,2003,2000
410,411,Ludacris,18.91706005,-1.219366776,Ludacris,,1999,1990
411,412,Lupe-fiasco,-8.959649774,-10.71307758,Lupe Fiasco,,2005,2000
412,413,Ma-e,16.77888073,-6.2561078,Mase,,1997,1990
413,414,Mac-dre,-27.95940364,-5.423028706,Mac Dre,,1989,1980
414,415,Mac-lethal,-17.97952678,-12.51398478,Mac Lethal,,2002,2000
415,416,Mac-miller,-12.45317564,0.741826974,Mac Miller,,2007,2000
416,417,Machine-gun-kelly,-4.22054964,8.745451795,Machine Gun Kelly,,2010,2010
417,418,Mack-10,10.63323287,-4.822073555,Mack 10,,1995,1990
418,419,Macklemore,-10.95918666,-15.39984792,Macklemore,,2000,2000
419,420,Madchild,-18.89979727,-12.08321376,Madchild,,1994,1990
420,421,Magic,-19.57058084,11.95597138,Magic,,2014,2010
421,422,Maino,9.245950938,22.06808006,Maino,,2007,2000
422,423,Mann,-17.81677214,4.353778177,Mann,,2011,2010
423,424,Mark-battles,-3.231213163,7.806628397,Mark Battles,,2012,2010
424,425,Marley-marl,5.231664729,-23.8087283,Marley Marl,,1988,1980
425,426,Masta-ace,11.97925063,-24.72754106,Masta Ace,,1990,1990
426,427,Masta-killa,4.561327764,-32.59318264,Masta Killa,,2000,2000
427,428,Master-p,17.78715194,11.88790425,Master P,,1991,1990
428,429,Max-b,12.76826637,16.27329846,Max B,,2006,2000
429,430,Mc-eiht,9.596504776,-4.51061349,Mc Eiht,,1994,1990
430,431,Mc-hammer,7.241013887,-20.37633143,Mc Hammer,,1986,1980
431,432,Mc-lyte,9.855530829,-21.72959626,Mc Lyte,,1988,1980
432,433,Mc-ren,1.258686568,-12.21384454,Mc Ren,,1992,1990
433,434,Mc-shan,10.56392134,-23.51149005,Mc Shan,,1987,1980
434,435,Mc-solaar,26.52525366,-19.85114121,Mc Solaar,,1991,1990
435,436,Meek-mill,6.657490946,26.65834089,Meek Mill,,2006,2000
436,437,Memphis-bleek,14.42656008,-8.242662607,Memphis Bleek,,1999,1990
437,438,Merkules,-11.98709515,-1.971152367,Merkules,,2012,2010
438,439,Method-man,-2.705091569,-22.54114046,Method Man,,1994,1990
439,440,Mf-doom,0.685683122,-31.20080569,Mf Doom,,1999,1990
440,441,Mf-grimm,-5.349903168,-31.40243765,Mf Grimm,,2000,2000
441,442,Mia,-21.23321537,-18.59972198,Mia,,1984,1980
442,443,Mick-jenkins,-5.436869612,-0.407064476,Mick Jenkins,,2012,2010
443,444,Mickey-factz,-9.095798936,4.947813928,Mickey Factz,,2007,2000
444,445,Migos,1.618907186,29.89382954,Migos,,2011,2010
445,446,Mike-g,-8.983578402,-6.04281083,Mike G,,2009,2000
446,447,Mike-jones,25.66011424,8.217452697,Mike Jones,,2003,2000
447,448,Mike-posner,-18.98504476,9.698811946,Mike Posner,,2009,2000
448,449,Mike-stud,-13.79451344,3.828010578,Mike Stud,,2013,2010
449,450,Mike-will-made-it,6.974960404,19.86754066,Mike Will Made It,,2013,2010
450,451,Milo,-17.24725631,-14.48146193,Milo,,2010,2010
451,452,Mims,23.96954695,-4.660778796,Mims,,2007,2000
452,453,Missy-elliott,20.98249496,-4.327425506,Missy Elliott,,1997,1990
453,454,Mistah-fab,14.53483541,26.36119566,Mistah Fab,,2003,2000
454,455,Mobb-deep,7.297604351,-13.15628547,Mobb Deep,,1993,1990
455,456,Mod-sun,-17.72950978,4.596869256,Mod Sun,,2009,2000
456,457,Montana-of-300,-0.95852446,30.12683801,Montana Of 300,,2014,2010
457,458,Mr-capone-e,18.42300723,-10.01740987,Mr Capone E,,2001,2000
458,459,Mr-cheeks,14.61222918,1.058687081,Mr Cheeks,,2001,2000
459,460,Mr-criminal,17.83339179,-9.804983689,Mr Criminal,,2003,2000
460,461,Mr-muthafuckin-exquire,-14.38761749,-4.333675553,Mr Muthafuckin Exquire,,2008,2000
461,462,Murphy-lee,22.60698426,-1.918032323,Murphy Lee,,2003,2000
462,463,Murs,9.003531322,-23.95373324,Murs,,1997,1990
463,464,Mystikal,-1.340805733,-17.37520729,Mystikal,,1995,1990
464,465,Nas,6.132271549,-31.57704995,Nas,,1994,1990
465,466,Nate-dogg,20.19591994,-3.760992469,Nate Dogg,,1997,1990
466,467,Nature,7.08434632,-15.54841579,Nature,,2000,2000
467,468,Nav,-4.009825686,27.9176825,Nav,,2016,2010
468,469,Necro,-7.316417994,-25.25578613,Necro,,1998,1990
469,470,Nelly,25.05609746,-1.48694981,Nelly,,2000,2000
470,471,Nf,-10.9553583,-5.544124081,Nf,,2010,2010
471,472,Nick-cannon,-15.02833357,19.39449158,Nick Cannon,,2003,2000
472,473,Nicki-minaj,-13.91519965,22.68132049,Nicki Minaj,,2007,2000
473,474,Nicole-wray,-23.58493565,16.19308022,Nicole Wray,,1998,1990
474,475,Nipsey-hussle,8.619167732,28.47322357,Nipsey Hussle,,1998,1990
475,476,Nitty-scott,-6.496557464,-10.29199608,Nitty Scott,,1995,1990
476,477,No-malice,22.64845493,20.80361463,No Malice,,2013,2010
477,478,Noclue,-25.55871848,19.29598513,Noclue,,2016,2010
478,479,Noname,-22.87449437,6.406908186,Noname,,2016,2010
479,480,Nore,10.56053115,-9.750443627,Nore,,1998,1990
480,481,Nujabes,-6.535924261,-11.27096165,Nujabes,,2003,2000
481,482,Nump,-27.08183027,20.89038816,Nump,,2006,2000
482,483,Nyck-caution,-7.545570082,-3.812191318,Nyck Caution,,2011,2010
483,484,Nyzzy-nyce,-25.53047124,20.35355034,Nyzzy Nyce,,2006,2000
484,485,Obie-trice,1.940232745,-8.057100394,Obie Trice,,2003,2000
485,486,Oddisee,-9.744562265,-8.732170514,Oddisee,,2008,2000
486,487,Og-maco,-0.875807066,29.07062708,Og Maco,,2014,2010
487,488,Oh-no,2.819827636,-19.51891014,Oh No,,2006,2000
488,489,Oj-da-juiceman,3.306519274,32.05537976,Oj Da Juiceman,,2007,2000
489,490,Ol-dirty-bastard,-0.81597005,-18.2605751,Ol Dirty Bastard,,1995,1990
490,491,Olamide,27.77540818,-16.42952171,Olamide,,2015,2010
491,492,Olivia,-16.63596634,11.93029412,Olivia,,2000,2000
492,493,Omarion,-11.500852,17.44327462,Omarion,,2005,2000
493,494,Open-mike-eagle,-14.19354681,-15.4590725,Open Mike Eagle,,2008,2000
494,495,Outkast,-11.82207824,-24.26498723,Outkast,,1993,1990
495,496,P-reign,6.000187888,26.26947683,P Reign,,2010,2010
496,497,Papoose,6.115133719,6.97448141,Papoose,,2004,2000
497,498,Pastor-troy,20.53403934,6.984716112,Pastor Troy,,2000,2000
498,499,Paul-wall,26.02406373,9.540272324,Paul Wall,,2002,2000
499,500,Peewee-longway,1.017252128,30.72534145,Peewee Longway,,2013,2010
500,501,Petey-pablo,-1.140911924,-14.09393165,Petey Pablo,,2001,2000
501,502,Pharoahe-monch,-0.858635367,-29.45062718,Pharoahe Monch,,1999,1990
502,503,Pharrell-williams,-0.673110275,-2.059944261,Pharrell Williams,,2006,2000
503,504,Phife-dawg,-0.137572023,-21.87944214,Phife Dawg,,2000,2000
504,505,Philthy-rich,4.668580591,32.94264922,Philthy Rich,,2009,2000
505,506,Phyno,27.31415443,-15.75212474,Phyno,,2016,2010
506,507,Pimp-c,24.90584362,10.23724844,Pimp C,,2001,2000
507,508,Pitbull,-18.8140127,13.76760786,Pitbull,,2002,2000
508,509,Plies,16.49056853,12.17208532,Plies,,2004,2000
509,510,Porta,27.17101535,-18.14300607,Porta,,2008,2000
510,511,Positive-k,12.95721221,-20.55054407,Positive K,,1992,1990
511,512,Post-malone,-4.165545747,27.21789183,Post Malone,,2015,2010
512,513,Pras,3.393444198,-28.10045626,Pras,,1998,1990
513,514,Pretty-ricky,-11.98881902,13.13894741,Pretty Ricky,,2005,2000
514,515,Prince-paul,-0.494802323,-22.63333478,Prince Paul,,1996,1990
515,516,Problem,5.447502576,23.2579161,Problem,,2011,2010
516,517,Prodigy-of-mobb-deep,6.454890572,-12.34638734,Prodigy Of Mobb Deep,,2000,2000
517,518,Professor-green,-15.18301996,-11.0442109,Professor Green,,2006,2000
518,519,Project-pat,21.83284233,5.00182427,Project Pat,,1999,1990
519,520,Proof,5.836180004,-11.81760112,Proof,,2004,2000
520,521,Prozak,-12.46958873,-10.74238206,Prozak,,2008,2000
521,522,Psy,-22.30249018,-19.76980233,Psy,,2002,2000
522,523,Puff-daddy,10.57334569,-16.57096532,Puff Daddy,,1997,1990
523,524,Pusha-t,-1.492004082,28.40928988,Pusha T,,2011,2010
524,525,Q-tip,9.215717599,-20.48228103,Q Tip,,2000,2000
525,526,Queen-latifah,9.375969693,-21.62763211,Queen Latifah,,1989,1980
526,527,Queen-pen,15.15102616,-3.979788284,Queen Pen,,1998,1990
527,528,Qwel,-9.634644338,-12.192929,Qwel,,2001,2000
528,529,R-kelly,-12.40763589,14.57957209,R Kelly,,1993,1990
529,530,Ra-the-rugged-man,-5.706564725,-25.18240848,Ra The Rugged Man,,1994,1990
530,531,Rae-sremmurd,6.419578075,18.77398709,Rae Sremmurd,,2015,2010
531,532,Raekwon,6.607962325,-33.03817747,Raekwon,,1995,1990
532,533,Rah-digga,-0.091254356,-21.08925852,Rah Digga,,2000,2000
533,534,Rakim,2.457972503,-32.83872661,Rakim,,1997,1990
534,535,Rap-monster,-21.34781804,-20.04991492,Rap Monster,,2009,2000
535,536,Rapper-big-pooh,13.74940978,-26.84639393,Rapper Big Pooh,,2009,2000
536,537,Rappin-4-tay,7.964676376,2.388948843,Rappin 4 Tay,,1991,1990
537,538,Rapsody,-7.693693849,5.617758937,Rapsody,,1997,1990
538,539,Ras-kass,-4.734876801,-26.97234806,Ras Kass,,1994,1990
539,540,Rasheeda,17.25710864,2.865576925,Rasheeda,,2001,2000
540,541,Ray-j,-11.52401469,16.62273366,Ray J,,1997,1990
541,542,Redfoo,-16.66496695,16.26372123,Redfoo,,2016,2010
542,543,Redman,-0.280736155,-19.36707846,Redman,,1992,1990
543,544,Reef-the-lost-cauze,-8.64302619,-28.35399257,Reef The Lost Cauze,,2003,2000
544,545,Reks,13.77341387,-29.60005049,Reks,,2001,2000
545,546,Remy-ma,14.3900853,8.398840314,Remy Ma,,2005,2000
546,547,Rhymefest,21.07723488,-13.10003011,Rhymefest,,2001,2000
547,548,Rich-boy,12.44180095,15.51304724,Rich Boy,,2007,2000
548,549,Rich-homie-quan,-0.727925849,33.8510853,Rich Homie Quan,,2012,2010
549,550,Rich-the-kid,-1.011328668,28.78218921,Rich The Kid,,2014,2010
550,551,Richie-rich,15.47013873,-17.95020179,Richie Rich,,1990,1990
551,552,Rick-ross,9.201887289,21.00406005,Rick Ross,,2006,2000
552,553,Rico-love,-14.68697361,17.36931408,Rico Love,,2005,2000
553,554,Riff-raff,-5.739199019,11.56830327,Riff Raff,,2010,2010
554,555,Rihanna,-18.6871388,11.49297769,Rihanna,,2005,2000
555,556,Rittz,-16.63445389,-4.760461977,Rittz,,2008,2000
556,557,Rj,4.162741136,23.08947295,Rj,,2013,2010
557,558,Rjd2,10.52253137,-25.40634819,Rjd2,,2002,2000
558,559,Rob-sonic,-14.34543259,-16.38044061,Rob Sonic,,2014,2010
559,560,Roc-marciano,7.713876303,-34.76967178,Roc Marciano,,2004,2000
560,561,Rockie-fresh,0.696697946,12.3935768,Rockie Fresh,,2010,2010
561,562,Rocko,7.50224418,30.59286481,Rocko,,2012,2010
562,563,Roger-troutman,-21.32788823,14.80717376,Roger Troutman,,1981,1980
563,564,Ronnie-radke,-18.78712242,-5.15501661,Ronnie Radke,,2015,2010
564,565,Roots-manuva,7.989654783,-26.90451024,Roots Manuva,,1999,1990
565,566,Rowdy-rebel,5.267688333,29.39092487,Rowdy Rebel,,2016,2010
566,567,Royce-da-59,5.480744621,-10.99129582,Royce Da 59,,1997,1990
567,568,Rucka-rucka-ali,-23.97114812,-4.96651506,Rucka Rucka Ali,,2008,2000
568,569,Rza,3.037352596,-31.96767725,Rza,,1991,1990
569,570,Sadistik,-12.35941228,-11.63383586,Sadistik,,2008,2000
570,571,Sage-francis,-15.75834329,-15.03017931,Sage Francis,,2000,2000
571,572,Sage-the-gemini,-5.21361555,19.56019491,Sage The Gemini,,2013,2010
572,573,Saigon,6.29390782,6.481060374,Saigon,,2003,2000
573,574,Sammy-adams,-15.4257719,4.435542275,Sammy Adams,,2010,2010
574,575,San-quinn,9.109835892,3.115597634,San Quinn,,1998,1990
575,576,Sarkodie,26.93485831,-16.38390248,Sarkodie,,2015,2010
576,577,Scarface,7.650508302,-2.12800097,Scarface,,1991,1990
577,578,Schoolboy-q,14.26024535,22.07751095,Schoolboy Q,,2008,2000
578,579,Schoolly-d,-0.958216932,-11.78527655,Schoolly D,,1984,1980
579,580,Scrilla,-24.20162846,19.92429667,Scrilla,,2017,2010
580,581,Sd,2.271855564,35.60154965,Sd,,2012,2010
581,582,Sean-kingston,-17.28890605,13.64583969,Sean Kingston,,2007,2000
582,583,Sean-paul,1.580175912,4.189090783,Sean Paul,,2000,2000
583,584,Sean-price,-3.865327855,-23.12272458,Sean Price,,2003,2000
584,585,Shad,-12.9462102,-14.85340119,Shad,,2005,2000
585,586,Shaggy,-13.96400468,10.17232761,Shaggy,,1993,1990
586,587,Shaquille-oneal,1.474037901,-20.55417819,Shaquille Oneal,,1993,1990
587,588,Shawty-lo,7.541818649,31.32777198,Shawty Lo,,2006,2000
588,589,Sho-baraka,22.83106361,23.03242502,Sho Baraka,,2007,2000
589,590,Shwayze,-15.9281046,17.31648248,Shwayze,,2008,2000
590,591,Shy-glizzy,0.509933902,33.22746607,Shy Glizzy,,2012,2010
591,592,Shyheim,7.442547624,-12.50518047,Shyheim,,1994,1990
592,593,Shyne,8.801453506,-8.364804684,Shyne,,2000,2000
593,594,Silla,23.30907979,-18.23341993,Silla,,2004,2000
594,595,Sir-mix-a-lot,1.748078278,-16.0217238,Sir Mix A Lot,,1988,1980
595,596,Skee-lo,-22.9978584,14.17586907,Skee Lo,,1995,1990
596,597,Skeme,8.814738943,29.05954411,Skeme,,2010,2010
597,598,Skyzoo,-9.779775549,-6.765115107,Skyzoo,,2006,2000
598,599,Slick-rick,11.4667397,-20.97813213,Slick Rick,,1988,1980
599,600,Slim-thug,24.35532438,13.28327246,Slim Thug,,1988,1980
600,601,Smoke-dza,1.17193539,14.28888298,Smoke Dza,,2010,2010
601,602,Snoop-dogg,18.92305874,-3.463955887,Snoop Dogg,,1993,1990
602,603,Snootie-wild,-0.441820468,33.06274332,Snootie Wild,,2014,2010
603,604,Snow-tha-product,-14.91221763,2.592947512,Snow Tha Product,,2007,2000
604,605,Sonny-digital,-4.092306026,22.58700296,Sonny Digital,,2016,2010
605,606,Soulja-boy,1.778879678,31.21362649,Soulja Boy,,2007,2000
606,607,Soulja-slim,8.172514821,-3.069497577,Soulja Slim,,1998,1990
607,608,South-park-mexican,7.259343147,-1.247509557,South Park Mexican,,1998,1990
608,609,Spaceghostpurrp,-0.094712009,17.03364984,Spaceghostpurrp,,2010,2010
609,610,Spice-1,7.514661496,-3.649490996,Spice 1,,1991,1990
610,611,Spose,-18.28536888,-10.77435369,Spose,,2008,2000
611,612,St-lunatics,23.87783362,-5.396887667,St Lunatics,,2001,2000
612,613,Stalley,-2.518946636,2.820395903,Stalley,,2010,2010
613,614,Starlito,-2.632054252,33.21767435,Starlito,,2012,2010
614,615,Statik-selektah,11.24102238,-28.09844004,Statik Selektah,,2007,2000
615,616,Stevie-stone,-21.07567929,1.661887187,Stevie Stone,,2009,2000
616,617,Sticky-fingaz,-0.783560432,-8.822449567,Sticky Fingaz,,2001,2000
617,618,Styles-p,8.272507326,-10.41472936,Styles P,,2002,2000
618,619,Suga-free,12.52480576,2.774680331,Suga Free,,1997,1990
619,620,Swizz-beatz,15.13188032,4.319445816,Swizz Beatz,,2002,2000
620,621,Swizzz,-16.2675737,-6.819209795,Swizzz,,2011,2010
621,622,Sza,-21.89269213,7.371647207,Sza,,2013,2010
622,623,T-bone,6.294599532,-6.451201201,T Bone,,1995,1990
623,624,T-mills,-15.17632178,16.89740334,T Mills,,2009,2000
624,625,T-pain,-9.93255871,17.65799836,T Pain,,2005,2000
625,626,T-wayne,2.544773436,23.86599918,T Wayne,,2015,2010
626,627,Tablo,-22.86641135,-20.1307328,Tablo,,2011,2010
627,628,Taio-cruz,-18.82598522,12.31671731,Taio Cruz,,2008,2000
628,629,Talib-kweli,0.026155308,-29.52612018,Talib Kweli,,2000,2000
629,630,Tech-n9ne,-21.305715,-0.203894269,Tech N9ne,,1996,1990
630,631,Tedashii,24.73282177,21.80159137,Tedashii,,2006,2000
631,632,Teeflii,-9.088637285,17.90756678,Teeflii,,2013,2010
632,633,Tela,12.43706409,-2.929096843,Tela,,1996,1990
633,634,Termanology,11.99113046,-28.22401553,Termanology,,2003,2000
634,635,Terrace-martin,-18.57401362,6.349504095,Terrace Martin,,2013,2010
635,636,Terror-squad,12.01369854,-8.87751221,Terror Squad,,1999,1990
636,637,Teyana-taylor,-15.39124548,14.90724366,Teyana Taylor,,2012,2010
637,638,The-alchemist,10.5508781,-29.21727467,The Alchemist,,1993,1990
638,639,The-doc,1.555118517,-17.67888156,The Doc,,1989,1980
639,640,The-dream,-11.56759929,17.74388268,The Dream,,2007,2000
640,641,The-game,6.397241139,10.67577943,The Game,,2002,2000
641,642,The-jacka,7.182787434,-9.154891832,The Jacka,,2001,2000
642,643,The-knocks,-21.01804291,11.58208073,The Knocks,,2011,2010
643,644,The-lady-of-rage,3.225729916,-21.76295265,The Lady Of Rage,,1997,1990
644,645,The-notorious-big,3.11532012,-16.5732162,The Notorious Big,,1994,1990
645,646,The-quiett,-22.48442097,-21.02702758,The Quiett,,2005,2000
646,647,The-underachievers,-6.247438166,-0.341777471,The Underachievers,,2013,2010
647,648,Theophilus-london,-19.95323327,9.446300407,Theophilus London,,2008,2000
648,649,Three-6-mafia,23.12257099,6.765073887,Three 6 Mafia,,1994,1990
649,650,Ti,15.6657035,12.88568572,Ti,,2001,2000
650,651,Tim-dog,-4.129344713,-20.18011044,Tim Dog,,1991,1990
651,652,Timbaland,-12.67700128,11.25902759,Timbaland,,1998,1990
652,653,Tinie-tempah,-11.14275797,5.452853392,Tinie Tempah,,2007,2000
653,654,Tobymac,-22.87703875,8.854469771,Tobymac,,2001,2000
654,655,Tonedeff,-15.47850745,-12.79642143,Tonedeff,,1997,1990
655,656,Tony-yayo,15.37606453,15.19700343,Tony Yayo,,2005,2000
656,657,Too-short,17.19665642,-1.361803077,Too Short,,1983,1980
657,658,Tory-lanez,8.010368741,18.68333523,Tory Lanez,,2009,2000
658,659,Trae-tha-truth,24.87673721,15.58698341,Trae Tha Truth,,2003,2000
659,660,Tragedy-khadafi,4.403672436,-30.19981402,Tragedy Khadafi,,1990,1990
660,661,Travis-scott,-3.14172451,25.83891735,Travis Scott,,2013,2010
661,662,Trey-songz,-14.20758478,17.2458605,Trey Songz,,2005,2000
662,663,Trick-daddy,11.89327409,-3.115197604,Trick Daddy,,1997,1990
663,664,Trick-trick,1.82274217,-8.097723661,Trick Trick,,2005,2000
664,665,Trina,16.9299104,2.864534345,Trina,,2000,2000
665,666,Trinidad-james,2.248134741,15.62369693,Trinidad James,,2012,2010
666,667,Trip-lee,23.62276686,22.097663,Trip Lee,,2006,2000
667,668,Troy-ave,11.31637737,27.85694487,Troy Ave,,2013,2010
668,669,Turk,14.47642152,26.68397235,Turk,,2001,2000
669,670,Twista,8.175531609,-6.606460695,Twista,,1992,1990
670,671,Twisted-insane,-23.39501705,-7.968763891,Twisted Insane,,2006,2000
671,672,Ty-dolla-sign,1.717311702,24.75916809,Ty Dolla Sign,,2011,2010
672,673,Tyga,1.917430034,18.76569473,Tyga,,2008,2000
673,674,Tyler-joseph,-22.76154045,7.314439337,Tyler Joseph,,2008,2000
674,675,Tyler-the-creator,-19.45219946,-9.884042903,Tyler The Creator,,2009,2000
675,676,U-god,5.559461868,-34.21419202,U God,,1999,1990
676,677,U-o,23.87513405,-17.89961891,U O,,2005,2000
677,678,Uncle-murda,-1.767973926,19.82968111,Uncle Murda,,2008,2000
678,679,Unk,23.7893671,0.065366477,Unk,,1999,1990
679,680,V-nasty,-3.793067717,21.20202817,V Nasty,,2003,2000
680,681,Vado,9.983818483,26.94669827,Vado,,2010,2010
681,682,Vakill,-3.585243039,-30.87200726,Vakill,,2003,2000
682,683,Valete,27.60336643,-17.56507524,Valete,,2002,2000
683,684,Vanilla-ice,5.170603984,-20.05262987,Vanilla Ice,,1989,1980
684,685,Vast-aire,-12.75486965,-17.27681334,Vast Aire,,2004,2000
685,686,Verbal-jint,-22.24722232,-20.81253567,Verbal Jint,,2001,2000
686,687,Verse-simmonds,-13.26784883,17.88835782,Verse Simmonds,,2016,2010
687,688,Vic,13.66614383,5.502854834,Vic,,2008,2000
688,689,Vic-mensa,-7.571784067,1.513154405,Vic Mensa,,2010,2010
689,690,Vince-staples,-7.670789525,30.42859646,Vince Staples,,2011,2010
690,691,Vinnie-paz,-5.272617621,-28.74437662,Vinnie Paz,,2006,2000
691,692,Violent-j,-27.68835472,15.44542499,Violent J,,2003,2000
692,693,Waka-flocka-flame,4.15597669,30.83190017,Waka Flocka Flame,,2009,2000
693,694,Wale,-7.839802421,6.259010046,Wale,,2005,2000
694,695,Warren-g,18.92710206,-7.523510407,Warren G,,1994,1990
695,696,Watsky,-18.02677803,-13.00640759,Watsky,,2007,2000
696,697,Wc,9.573039021,-3.439117058,Wc,,1998,1990
697,698,Webbie,16.80737396,11.11156105,Webbie,,2005,2000
698,699,Westside-gunn,11.80190502,28.49155063,Westside Gunn,,2015,2010
699,700,Will-smith,10.17778111,-18.47338155,Will Smith,,1997,1990
700,701,William,-15.54805164,11.38203876,William,,2001,2000
701,702,Willie-d,0.812963653,-12.95383898,Willie D,,1989,1980
702,703,Willie-the-kid,-2.678645609,-7.636987999,Willie The Kid,,2008,2000
703,704,Willow-smith,-22.13843382,9.109419565,Willow Smith,,2010,2010
704,705,Witchdoctor,-27.18227735,16.21684536,Witchdoctor,,1998,1990
705,706,Wiz-khalifa,1.448129541,11.03249774,Wiz Khalifa,,2005,2000
706,707,Wizkid,27.42829845,-15.05804763,Wizkid,,2011,2010
707,708,Wrekonize,-14.0123336,-10.70268316,Wrekonize,,2001,2000
708,709,Wu-tang-clan,3.055357979,-32.79119469,Wu Tang Clan,,1992,1990
709,710,Wyclef-jean,24.07343244,-14.77911718,Wyclef Jean,,1997,1990
710,711,X-raided,3.547228221,-4.547241951,X Raided,,1991,1990
711,712,Xv,-6.702252538,4.413157538,Xv,,2006,2000
712,713,Xxxtentacion,-15.03699224,-1.459455866,Xxxtentacion,,2014,2010
713,714,Xzibit,6.443136585,-14.20270126,Xzibit,,1996,1990
714,715,Ya-boy,13.09171883,12.40665589,Ya Boy,,2013,2010
715,716,Yaki-kadafi,5.7464766,-2.721728725,Yaki Kadafi,,2004,2000
716,717,Yasiin-bey,11.49030011,-25.99978428,Yasiin Bey,,1999,1990
717,718,Yelawolf,-19.01560181,-8.140718728,Yelawolf,,2005,2000
718,719,Yg,0.540426366,25.46536296,Yg,,2009,2000
719,720,Ying-yang-twins,19.15947819,0.564387799,Ying Yang Twins,,2002,2000
720,721,Yo-gotti,7.510487717,32.67426836,Yo Gotti,,1999,1990
721,722,Yo-yo-honey-singh,25.17800946,-17.5987848,Yo Yo Honey Singh,,2013,2010
722,723,Yoonmirae,-23.36756541,-19.50086922,Yoonmirae,,2016,2010
723,724,Young-bleed,8.377786949,1.547784567,Young Bleed,,1998,1990
724,725,Young-buck,17.01870098,11.33392798,Young Buck,,2004,2000
725,726,Young-chop,1.96349579,34.37367241,Young Chop,,2013,2010
726,727,Young-chris,10.90111906,25.86235571,Young Chris,,2013,2010
727,728,Young-dro,10.10945251,16.19176925,Young Dro,,2006,2000
728,729,Young-maylay,-27.7347184,19.24802303,Young Maylay,,2005,2000
729,730,Young-mc,7.461792635,-23.23641677,Young Mc,,1989,1980
730,731,Young-noble,-25.51116598,15.84492182,Young Noble,,2002,2000
731,732,Young-scooter,6.383475956,28.00920944,Young Scooter,,2011,2010
732,733,Young-thug,-2.518441396,31.44189763,Young Thug,,2011,2010
733,734,Youngbloodz,21.31442699,-0.435182328,Youngbloodz,,1967,1980
734,735,Your-old-droog,-17.5442948,-14.90935194,Your Old Droog,,2014,2010
735,736,Yukmouth,9.707582443,-6.553888851,Yukmouth,,1990,1990
736,737,Yung-berg,-13.06803258,11.96455017,Yung Berg,,2007,2000
737,738,Yung-joc,24.72862717,-1.837199357,Yung Joc,,2006,2000
738,739,Yung-lean,-5.052454805,12.74143649,Yung Lean,,2013,2010
739,740,Yung-ro,16.51424283,-10.86498753,Yung Ro,,2007,2000
740,741,Yung-wun,-25.53139186,18.20087275,Yung Wun,,2007,2000
741,742,Yz,10.4734848,-24.15713664,Yz,,1990,1990
