,Artist,Median,Max,Min
0,Ab-soul,2012.0,2016,2009
1,Aesop-rock,2003.0,2016,1997
2,Anderson-paak,2015.0,2016,2013
3,Ace-hood,2013.0,2016,2008
4,Aceyalone,2002.0,2013,1995
5,Action-bronson,2012.0,2015,2011
6,Afroman,2004.0,2013,2000
7,Afu-ra,2002.0,2005,2000
8,Ahmad,1994.0,1994,1994
9,Akala,2013.0,2016,2004
10,Akinyele,1999.0,2004,1993
11,Akon,2007.0,2016,2004
12,The-alchemist,2012.0,2017,1993
13,Amg,1995.0,2000,1992
14,Andre-nickatina,2003.0,2013,1993
15,Andy-mineo,2013.0,2017,2009
16,Angel-haze,2013.0,2017,2011
17,Apache,1992.0,1992,1992
18,Apathy,2009.0,2017,2003
19,Asher-roth,2010.0,2014,2006
20,Astronautalis,2011.0,2016,2003
21,Az,2004.0,2015,1995
22,Azealia-banks,2014.0,2017,2012
23,Big-sean,2011.0,2017,2007
24,Booba,2009.5,2017,2002
25,Bryson-tiller,2015.0,2017,2011
26,Baby-bash,2005.0,2014,2002
27,Baby-boy-da-prince,2007.0,2007,2007
28,Baeza,2013.0,2015,2013
29,Bahamadia,1996.0,2001,1996
30,Bas,2014.0,2016,2011
31,Beanie-sigel,2005.0,2012,2000
32,Becky-g,2013.0,2013,2013
33,Bg,2000.0,2009,1995
34,Big-boi,2010.0,2012,2010
35,Big-daddy-kane,1991.0,1997,1988
36,Big-krit,2011.0,2016,2005
37,Big-l,2006.0,2013,1995
38,Big-moe,2000.0,2004,2000
39,Big-pun,2000.0,2011,1998
40,Big-scoob,2016.0,2016,2011
41,Birdman,2007.0,2016,2002
42,Bishop-nehru,2013.0,2016,2013
43,Bizarre,2005.0,2015,1998
44,Biz-markie,1991.0,2004,1986
45,Bizzy-bone,2006.0,2014,1998
46,Bj-the-chicago-kid,2014.0,2016,2009
47,Black-milk,2011.0,2016,2003
48,Black-rob,2000.0,2000,2000
49,Blu,2011.0,2015,2007
50,Bob,2012.0,2017,2007
51,Bobby-brackins,2016.0,2016,2010
52,Bobby-shmurda,2014.0,2014,2014
53,Bohemia,2012.0,2017,2006
54,Bone-crusher,2003.0,2007,2003
55,Boondox,2008.0,2017,2006
56,Boosie-badazz,2014.0,2016,2002
57,Bow-wow,2003.0,2012,2000
58,Da-brat,1996.0,2003,1994
59,Brotha-lynch-hung,2003.0,2016,1993
60,Brother-ali,2009.0,2017,2000
61,Bubba-sparxxx,2003.0,2016,2003
62,Bun-b,2008.0,2013,2005
63,Busdriver,2013.0,2015,1999
64,Busta-rhymes,2003.0,2015,1996
65,Chance-the-rapper,2013.0,2016,2012
66,Chief-keef,2015.0,2017,2011
67,Childish-gambino,2012.0,2016,2008
68,Chris-brown,2012.0,2017,2005
69,Common,2005.0,2016,1992
70,Cage,2005.0,2014,1998
71,Camron,2004.0,2016,1998
72,Canibus,2005.0,2015,1993
73,Capital-steez,2012.0,2016,2012
74,Cappadonna,2007.0,2016,1998
75,Casey-veggies,2012.0,2016,2007
76,Caskey,2015.0,2017,2011
77,Cassidy,2007.0,2012,2003
78,Ceelo-green,2010.0,2015,2002
79,Celly-cel,1998.0,2000,1994
80,Celph-titled,2006.0,2016,2006
81,Ceza,2006.0,2015,2002
82,Chamillionaire,2008.0,2013,2003
83,Chanel-west-coast,2013.0,2015,2013
84,Charles-hamilton,2010.0,2016,2007
85,Chevy-woods,2013.0,2016,2011
86,Chiddy-bang,2011.0,2012,2009
87,Chingy,2005.0,2007,2003
88,Chino-xl,2006.0,2016,1996
89,Chinx,2014.0,2016,2011
90,Chip,2012.0,2016,2007
91,Chris-webby,2011.0,2016,2009
92,Chubb-rock,1994.0,1997,1989
93,Cj-fly,2013.0,2016,2013
94,Cl,2004.0,2016,1996
95,Classified,2006.5,2016,1996
96,Clyde-carson,2014.0,2017,2009
97,C-murder,2000.0,2015,1998
98,Consequence,2007.0,2016,2003
99,Coolio,1997.0,2008,1994
100,Cormega,2004.0,2014,2001
101,Craig-mack,1994.0,1994,1994
102,Crooked-i,2009.0,2013,2003
103,Cyhi-the-prynce,2012.0,2017,2010
104,Danny-brown,2010.0,2016,2007
105,Denzel-curry,2013.0,2016,2009
106,Desiigner,2016.0,2017,2016
107,Dj-khaled,2011.0,2017,2006
108,Drake,2011.0,2017,2006
109,Dr-dre,1999.0,2015,1992
110,Dan-bull,2015.0,2017,2012
111,Dangelo,2000.0,2013,1995
112,Dappy,2012.0,2012,2012
113,Dave-east,2015.0,2016,2012
114,Daveed-diggs,2012.0,2012,2012
115,David-banner,2008.0,2017,2000
116,David-dallas,2017.0,2017,2017
117,Daz-dillinger,2001.0,2017,1998
118,Dej-loaf,2014.5,2016,2012
119,Del-the-funky-homosapien,2004.0,2015,1991
120,Deniro-farrar,2016.0,2017,2013
121,Derek-minor,2012.0,2017,2010
122,Deuce,2012.0,2015,2005
123,Dev,2011.0,2014,2011
124,Devin-the-dude,2004.0,2017,1998
125,Devlin,2010.0,2017,2002
126,Diabolic,2007.0,2014,1998
127,Diamond-d,2011.0,2014,1997
128,Diggy-simmons,2010.0,2012,2009
129,Dillon-cooper,2013.0,2014,2013
130,Dizzee-rascal,2009.0,2014,2003
131,Dizzy-wright,2013.0,2016,2010
132,Dj-casper,2016.0,2016,2016
133,Dj-drama,2011.0,2016,2007
134,Dj-kay-slay,2017.0,2017,2003
135,Dj-mustard,2014.0,2016,2013
136,Dj-paul,2009.0,2016,1994
137,Dj-quik,2000.0,2017,1987
138,Dj-screw,2001.0,2017,1996
139,Dj-shadow,2002.0,2016,1994
140,Dmx,2003.0,2015,1972
141,The-doc,1996.0,2003,1989
142,Doe-b,2014.0,2014,2012
143,Dok2,2013.0,2017,2009
144,Dolla,2010.0,2010,2007
145,Dom-kennedy,2011.0,2016,2007
146,Domo-genesis,2011.0,2016,2010
147,Dorrough,2010.0,2010,2010
148,Drag-on,1990.0,2006,1977
149,Dumbfoundead,2012.0,2017,2008
150,E-40,2011.0,2016,1990
151,Earl-sweatshirt,2013.0,2015,2008
152,Eazy-e,1995.0,2002,1988
153,Eminem,2004.0,2016,1996
154,Edo-g,2004.0,2014,2001
155,Edo-maajka,2004.0,2006,2002
156,Elephant-man,2003.0,2011,2000
157,El-p,2007.0,2012,2002
158,Elzhi,2008.0,2016,1998
159,Eric-biddines,2017.0,2017,2014
160,Erick-sermon,2001.0,2015,1993
161,Esg,2004.0,2016,1981
162,Esham,1997.0,2016,1989
163,Eve,2001.0,2013,1970
164,Evidence,2008.0,2011,2007
165,Eyedea,2007.0,2015,2001
166,Fabolous,2009.5,2016,2001
167,Fabri-fibra,2010.0,2017,2002
168,Fetty-wap,2015.0,2017,2015
169,Frank-ocean,2013.0,2017,2011
170,Freddie-gibbs,2011.5,2017,2007
171,French-montana,2013.0,2017,2007
172,Future,2013.0,2017,2010
173,Fashawn,2011.0,2015,2008
174,Father-mc,1991.0,1992,1990
175,Fat-joe,2002.0,2013,1993
176,Fatman-scoop,2006.0,2006,2006
177,Fat-pat,2006.0,2006,2006
178,Fat-trel,2015.0,2016,2010
179,Fergie,2006.0,2017,2006
180,Fiend,1999.0,2000,1998
181,Flame,2007.0,2015,2000
182,Flavor-flav,2006.0,2006,2006
183,Flavour-nabania,2006.0,2006,2006
184,Flo-rida,2009.0,2015,2008
185,Flying-lotus,2010.0,2014,2007
186,Focus,1975.0,2010,1970
187,Fonzworth-bentley,2011.0,2011,2011
188,Fort-minor,2005.0,2005,2005
189,Foxx,2007.0,2007,2007
190,Foxy-brown,1999.0,2008,1996
191,Frankie-j,2005.0,2006,2003
192,Frayser-boy,2003.0,2008,2003
193,Freak-nasty,1997.0,2000,1996
194,Fredo-santana,2013.0,2017,2012
195,Fredro-starr,2001.0,2014,2001
196,Free,1970.0,1996,1968
197,Freeway,2007.0,2016,2003
198,Frenkie,2005.0,2009,2005
199,Froggy-fresh,2012.0,2012,2012
200,Funkmaster-flex,1998.0,2013,1995
201,The-game,2011.0,2017,2002
202,G-eazy,2011.0,2015,2008
203,Giggs,2010.5,2017,2006
204,Gucci-mane,2013.0,2017,2005
205,Gaeko,2014.0,2016,2014
206,Gangsta-boo,2001.0,2014,1998
207,Ganksta-nip,1996.0,2003,1992
208,G-dep,2001.0,2001,2001
209,G-dragon,2012.0,2013,2009
210,Ghostface-killah,2006.0,2015,1996
211,Gilbere-forte,2013.0,2013,2013
212,Glasses-malone,2015.0,2015,2015
213,Gorilla-zoe,2009.0,2009,2009
214,Grafh,2016.0,2016,2005
215,Grandmaster-caz,2005.0,2005,2005
216,Grandmaster-flash,2009.0,2009,2009
217,Grand-puba,1995.0,2016,1992
218,Greydon-square,2012.0,2015,2007
219,Grieves,2011.0,2014,2007
220,Gudda-gudda,2009.0,2009,2009
221,Guerilla-black,2009.0,2009,2009
222,Guilty-simpson,2008.0,2013,2008
223,Gunplay,2013.0,2017,2011
224,Guru,2000.0,2008,1993
225,Gza,1999.0,2017,1991
226,Hopsin,2013.0,2017,2003
227,Half-a-mill,2000.0,2002,2000
228,Havoc,2009.0,2016,1993
229,Heavy-d,1994.0,2008,1987
230,Hi-c,2003.0,2003,1991
231,Hit-boy,2012.0,2015,2012
232,Hi-tek,2006.0,2007,2001
233,Hittman,2006.0,2006,1988
234,Honey-cocaine,2013.0,2015,2012
235,Hoodie-allen,2012.0,2016,2009
236,Huey,2007.0,2007,2007
237,Hurricane-chris,2007.0,2010,2007
238,Hush,2016.0,2016,2004
239,Hussein-fatal,1998.0,2009,1998
240,Ice-cube,1998.0,2014,1990
241,Iggy-azalea,2014.0,2017,2011
242,Ilovemakonnen,2015.0,2016,2014
243,Immortal-technique,2003.0,2011,2001
244,Isaiah-rashad,2014.0,2016,2009
245,I-20,2004.0,2004,2004
246,Ice-t,1993.0,2006,1987
247,Ill-bill,2008.0,2016,2003
248,Imran-khan,2009.0,2009,2009
249,Indo-g,2009.0,2009,2009
250,Inspectah-deck,2006.0,2010,1999
251,Iyaz,2010.0,2015,2010
252,Jay-z,2002.0,2013,1996
253,J-cole,2011.0,2016,2007
254,Jeremih,2014.0,2017,2009
255,The-jacka,2009.0,2014,2001
256,Jackie-hill-perry,2014.0,2014,2014
257,Jack-parow,2011.0,2013,2009
258,Jadakiss,2011.0,2015,2001
259,Jaden-smith,2013.0,2017,2013
260,Jae-millz,2013.0,2015,2007
261,Jake-miller,2014.0,2017,2012
262,Jamal,2008.0,2013,1995
263,Jamie-foxx,2008.0,2015,1994
264,Jarren-benton,2013.0,2016,2010
265,Ja-rule,2003.0,2012,1999
266,Jay-electronica,2008.5,2010,1
267,Jayo-felony,1998.0,2001,1994
268,Jay-park,2014.0,2016,2011
269,Jay-rock,2010.0,2015,2006
270,J-dilla,2015.0,2017,2001
271,Jean-grae,2011.0,2016,2002
272,Jermaine-dupri,2001.0,2001,1998
273,Jeru-the-damaja,1999.0,2014,1994
274,Jibbs,2006.0,2006,2006
275,Jim-jones,2007.0,2016,2004
276,J-kwon,2004.0,2004,2004
277,Jme,2010.0,2015,2005
278,Joe-budden,2009.0,2016,2003
279,Joell-ortiz,2010.0,2015,2007
280,John-cena,2005.0,2005,2005
281,Jon-connor,2013.0,2014,2005
282,Jr-writer,2011.5,2014,2009
283,J-stalin,2011.0,2016,2007
284,Jt-money,1992.0,1992,1992
285,Juelz-santana,2005.0,2017,2003
286,Juicy-j,2013.0,2017,1994
287,Jus-allah,2005.0,2015,2005
288,Justice,2011.0,2016,2005
289,Juvenile,2002.0,2015,1994
290,Kanye-west,2007.0,2017,2002
291,Kendrick-lamar,2010.0,2017,2003
292,Kevin-gates,2013.0,2016,2007
293,Kid-cudi,2010.0,2016,2001
294,Kid-ink,2012.0,2017,2010
295,Kodak-black,2015.0,2017,2013
296,K7,1993.0,1993,1993
297,Kam,1995.0,2016,1993
298,Kap-g,2016.0,2017,2014
299,Kardinal-offishall,2003.0,2015,1997
300,Kat-dahlia,2015.0,2016,2013
301,Katie-got-bandz,2014.0,2015,2012
302,Kb,2012.0,2015,2011
303,K-camp,2015.0,2017,2014
304,Keak-da-sneak,2005.0,2008,2002
305,Keith-murray,1999.0,2007,1994
306,Kerser,2013.0,2016,2011
307,Kevin-mccall,2012.0,2014,2012
308,Khia,2006.0,2016,2002
309,Kidd-kidd,2011.0,2016,2011
310,Kid-frost,1992.0,2011,1992
311,Kid-rock,2001.0,2015,1990
312,Killah-priest,2009.0,2017,1998
313,Killer-mike,2008.0,2012,2003
314,Kilo-ali,2011.0,2011,2011
315,King-chip,2012.0,2015,2007
316,King-gordy,2003.0,2012,2003
317,Kirk-knight,2015.0,2017,2015
318,Kirko-bangz,2013.0,2016,2009
319,Kitty,2014.0,2015,2013
320,Kj-52,2005.5,2016,2000
321,Knaan,2010.0,2016,2004
322,Kool-ad,2013.0,2017,2006
323,Kool-g-rap,2000.0,2011,1995
324,Kool-keith,2009.0,2016,1997
325,Kool-moe-dee,1990.0,1993,1986
326,K-os,2002.0,2005,1990
327,Krayzie-bone,2004.0,2011,1999
328,Kreayshawn,2012.0,2012,2010
329,Krizz-kaliko,2012.0,2016,2007
330,Krs-one,2003.0,2017,1991
331,Kung-fu-vampire,2014.0,2016,2014
332,Kurtis-blow,1982.0,1986,1980
333,Kurupt,2001.0,2013,1998
334,Kutt-calhoun,2010.0,2015,2004
335,Lil-dicky,2013.0,2015,2013
336,Lil-durk,2015.0,2017,2011
337,Lil-uzi-vert,2016.0,2017,2014
338,Lil-wayne,2008.0,2017,1999
339,Lil-yachty,2016.0,2017,2015
340,Logic,2013.0,2017,2009
341,La-chat,2001.0,2001,2001
342,The-lady-of-rage,1997.0,1997,1997
343,Large-professor,1996.0,2012,1996
344,Lauryn-hill,2002.0,2016,1998
345,Lecrae,2012.0,2017,2004
346,Lil-b,2012.0,2017,2009
347,Lil-bibby,2014.0,2017,2013
348,Lil-debbie,2015.0,2017,2013
349,Lil-flip,2007.0,2010,2002
350,Lil-jon,2010.0,2017,1998
351,Lil-keke,2001.0,2016,1997
352,Lil-kim,2005.0,2016,1996
353,Lil-mama,2008.0,2008,2008
354,Lil-o,2001.0,2011,2001
355,Lil-reese,2015.0,2017,2012
356,Lil-scrappy,2004.0,2012,2004
357,Lil-troy,1999.0,1999,1999
358,Lil-twist,2011.0,2017,1999
359,Lil-wyte,2017.0,2017,2017
360,Ll-cool-j,1996.0,2016,1985
361,Lloyd-banks,2011.0,2016,2003
362,Locksmith,2014.0,2017,2009
363,Lord-finesse,1992.0,2014,1990
364,Lord-infamous,2012.0,2016,1994
365,Louis-logic,2004.0,2013,2000
366,Loverance,2016.0,2016,2016
367,Lowkey,2009.0,2011,2003
368,Ludacris,2006.0,2015,1999
369,Lupe-fiasco,2011.0,2017,2005
370,Machine-gun-kelly,2012.0,2017,2010
371,Mac-miller,2011.0,2016,2007
372,Meek-mill,2011.0,2017,2006
373,Mike-will-made-it,2014.0,2017,2013
374,Mac-dre,2002.0,2014,1989
375,Mack-10,1998.0,2005,1995
376,Macklemore,2005.0,2009,2000
377,Mac-lethal,2011.0,2016,2002
378,Madchild,2012.0,2017,1994
379,Magic,2014.0,2016,2014
380,Maino,2012.0,2015,2007
381,Mann,2011.5,2014,2011
382,Mark-battles,2012.0,2017,2012
383,Marley-marl,1991.0,2008,1988
384,Masta-ace,2004.0,2016,1990
385,Masta-killa,2004.0,2012,2000
386,Master-p,1998.0,2013,1991
387,Max-b,2009.0,2017,2006
388,Mc-eiht,1999.0,2017,1994
389,Mc-hammer,1990.0,2006,1986
390,Mc-lyte,1993.0,2015,1988
391,Mc-ren,1998.0,2017,1992
392,Mc-solaar,1998.0,2010,1991
393,Memphis-bleek,2000.0,2005,1999
394,Method-man,2004.0,2015,1994
395,Mf-doom,2006.0,2009,1999
396,Mf-grimm,2006.0,2012,2000
397,Mia,2010.0,2016,1984
398,Mickey-factz,2014.0,2016,2007
399,Mick-jenkins,2014.0,2016,2012
400,Mike-g,2013.0,2016,2009
401,Mike-jones,2005.0,2011,2003
402,Mike-posner,2011.0,2016,2009
403,Mike-stud,2014.0,2016,2013
404,Milo,2014.0,2015,2010
405,Mims,2007.0,2009,2007
406,Missy-elliott,2001.0,2005,1997
407,Mistah-fab,2013.0,2016,2003
408,Mr-capone-e,2007.0,2016,2001
409,Mr-criminal,2009.0,2015,2003
410,Mr-muthafuckin-exquire,2011.0,2013,2008
411,Mod-sun,2015.0,2017,2009
412,Murs,2008.0,2017,1997
413,Mystikal,1999.0,2001,1995
414,Nas,2004.0,2017,1994
415,Nav,2017.0,2017,2016
416,Nf,2015.0,2017,2010
417,Nicki-minaj,2012.0,2016,2007
418,Noname,2016.0,2016,2016
419,The-notorious-big,1999.0,2009,1994
420,Nate-dogg,1998.0,2003,1997
421,Nature,2002.0,2016,2000
422,Necro,2004.0,2012,1998
423,Nelly,2005.5,2013,2000
424,Nick-cannon,2014.0,2016,2003
425,Nicole-wray,1998.0,2010,1998
426,Nipsey-hussle,2013.0,2016,1998
427,Noclue,2016.0,2016,2016
428,No-malice,2013.0,2017,2013
429,Nonchalant,1996.0,1996,1996
430,Nore,2002.0,2016,1998
431,Nujabes,2005.0,2015,2003
432,Nump,2006.0,2006,2006
433,Nyzzy-nyce,2006.0,2006,2006
434,Ol-dirty-bastard,2002.0,2005,1995
435,Obie-trice,2012.0,2015,2003
436,Oddisee,2013.0,2017,2008
437,Og-maco,2015.0,2017,2014
438,Oh-no,2007.0,2017,2006
439,Oj-da-juiceman,2012.0,2016,2007
440,Olamide,2015.0,2015,2015
441,Olivia,2004.0,2013,2000
442,Open-mike-eagle,2013.0,2016,2008
443,Pitbull,2009.0,2017,2002
444,Post-malone,2016.0,2017,2015
445,Pusha-t,2013.0,2017,2011
446,Papoose,2012.0,2015,2004
447,Pastor-troy,2010.0,2014,2000
448,Paul-wall,2005.0,2016,2002
449,Peewee-longway,2015.0,2016,2013
450,Petey-pablo,2004.0,2004,2001
451,Pharoahe-monch,2011.0,2015,1999
452,Pharrell-williams,2006.0,2016,2006
453,Phife-dawg,2000.0,2016,2000
454,Philthy-rich,2013.0,2016,2009
455,Phyno,2016.0,2016,2016
456,Pimp-c,2010.0,2015,2001
457,Plies,2008.0,2016,2004
458,Porta,2008.0,2012,2008
459,Positive-k,1992.0,1992,1992
460,Pras,1998.0,2005,1998
461,P-reign,2014.0,2015,2010
462,Prince-paul,1999.0,2003,1996
463,Problem,2015.0,2017,2011
464,Professor-green,2011.0,2017,2006
465,Project-pat,2012.0,2016,1999
466,Proof,2005.0,2005,2004
467,Prozak,2012.0,2015,2008
468,Psy,2015.0,2017,2002
469,Q-tip,2008.0,2009,2000
470,Queen-latifah,1998.0,2009,1989
471,Queen-pen,1998.0,1998,1998
472,The-quiett,2011.0,2017,2005
473,Qwel,2004.0,2004,2001
474,Rich-homie-quan,2015.0,2017,2012
475,Rich-the-kid,2015.0,2017,2014
476,Rick-ross,2012.0,2017,2006
477,R-kelly,2005.0,2016,1993
478,Raekwon,2009.0,2017,1995
479,Rah-digga,2000.0,2010,2000
480,Rakim,1999.0,2013,1997
481,Rap-monster,2015.0,2015,2009
482,Rappin-4-tay,1994.0,2009,1991
483,Rapsody,2013.0,2016,1997
484,Rasheeda,2007.0,2012,2001
485,Ras-kass,2006.0,2017,1994
486,Ra-the-rugged-man,2004.0,2013,1994
487,Ray-j,2007.0,2014,1997
488,Redfoo,2016.0,2016,2016
489,Redman,1998.0,2015,1992
490,Reef-the-lost-cauze,2008.0,2014,2003
491,Reks,2011.0,2016,2001
492,Remy-ma,2007.0,2014,2005
493,Rhymefest,2007.0,2010,2001
494,Rich-boy,2007.0,2007,2007
495,Richie-rich,1996.0,2002,1990
496,Rico-love,2014.0,2015,2005
497,Riff-raff,2014.0,2017,2010
498,Rittz,2013.0,2016,2008
499,Rj,2015.0,2017,2013
500,Rjd2,2010.0,2013,2002
501,Rob-sonic,2014.0,2014,2014
502,Rockie-fresh,2013.0,2016,2010
503,Rocko,2014.0,2016,2012
504,Roc-marciano,2013.0,2017,2004
505,Roger-troutman,1985.5,1996,1981
506,Ronnie-radke,2015.0,2015,2015
507,Roots-manuva,2015.0,2016,1999
508,Rowdy-rebel,2016.0,2016,2016
509,Rucka-rucka-ali,2012.0,2016,2008
510,Rza,2003.0,2014,1991
511,Schoolboy-q,2012.0,2016,2008
512,Snoop-dogg,2005.0,2017,1993
513,Sza,2013.0,2017,2013
514,Sadistik,2014.0,2017,2008
515,Sage-francis,2007.0,2016,2000
516,Sage-the-gemini,2014.0,2014,2013
517,Saigon,2009.0,2014,2003
518,Sammy-adams,2011.5,2013,2010
519,Sarkodie,2015.0,2015,2015
520,Scarface,2002.0,2015,1991
521,Schoolly-d,1988.0,1998,1984
522,Sd,2013.0,2015,2012
523,Sean-paul,2005.0,2016,2000
524,Sean-price,2007.0,2015,2003
525,Shad,2010.0,2014,2005
526,Shaggy,2005.0,2014,1993
527,Shaquille-oneal,1994.0,2001,1993
528,Shawty-lo,2008.0,2017,2006
529,Sho-baraka,2013.0,2016,2007
530,Shwayze,2009.0,2015,2008
531,Shy-glizzy,2014.0,2016,2012
532,Shyheim,2000.0,2004,1994
533,Shyne,2000.0,2004,2000
534,Silla,2014.0,2017,2004
535,Sir-mix-a-lot,1992.0,2003,1988
536,Skee-lo,1995.0,1995,1995
537,Skeme,2015.0,2017,2010
538,Skyzoo,2011.0,2015,2006
539,Slick-rick,1994.0,1999,1988
540,Slim-thug,2010.0,2016,1988
541,Smoke-dza,2012.0,2017,2010
542,Snootie-wild,2015.0,2015,2014
543,Snow-tha-product,2012.0,2016,2007
544,Sonny-digital,2016.0,2016,2016
545,Soulja-boy,2013.0,2017,2007
546,Soulja-slim,2001.0,2003,1998
547,South-park-mexican,2001.0,2014,1998
548,Spaceghostpurrp,2012.0,2014,2010
549,Spice-1,1997.0,2015,1991
550,Spose,2013.0,2017,2008
551,Stalley,2013.0,2016,2010
552,Starlito,2014.0,2017,2012
553,Statik-selektah,2013.0,2015,2007
554,Stevie-stone,2013.0,2017,2009
555,Sticky-fingaz,2003.0,2010,2001
556,Styles-p,2007.0,2016,2002
557,Suga-free,2004.0,2009,1997
558,Swizz-beatz,2007.0,2017,2002
559,Swizzz,2011.0,2013,2011
560,Tech-n9ne,2010.0,2017,1996
561,Ti,2010.0,2017,2001
562,Tory-lanez,2014.0,2017,2009
563,Travis-scott,2015.0,2017,2013
564,Trey-songz,2011.0,2017,2005
565,Ty-dolla-sign,2014.5,2016,2011
566,Tyga,2012.0,2017,2008
567,Tablo,2011.0,2011,2011
568,Taio-cruz,2009.0,2012,2008
569,Talib-kweli,2010.0,2015,2000
570,T-bone,2002.0,2015,1995
571,Tedashii,2011.0,2016,2006
572,Teeflii,2015.0,2016,2013
573,Tela,1998.0,2000,1996
574,Termanology,2013.0,2016,2003
575,Terrace-martin,2014.0,2016,2013
576,Teyana-taylor,2014.0,2015,2012
577,The-dream,2012.0,2017,2007
578,Theophilus-london,2010.0,2016,2008
579,Timaya,2011.0,2011,2011
580,Timbaland,2009.0,2017,1998
581,Tim-dog,1993.0,2013,1991
582,Tinie-tempah,2013.0,2017,2007
583,T-mills,2011.0,2014,2009
584,Tobymac,2011.0,2016,2001
585,Tonedeff,2005.0,2016,1997
586,Tony-yayo,2011.0,2016,2005
587,Too-short,2000.0,2017,1983
588,T-pain,2011.0,2015,2005
589,Trae-tha-truth,2007.5,2016,2003
590,Tragedy-khadafi,2003.0,2012,1990
591,Trick-daddy,2001.0,2009,1997
592,Trick-trick,2008.0,2014,2005
593,Trina,2008.0,2016,2000
594,Trinidad-james,2015.0,2016,2012
595,Trip-lee,2010.5,2016,2006
596,Troy-ave,2015.0,2017,2013
597,Turk,2013.0,2015,2001
598,T-wayne,2015.0,2015,2015
599,Twista,2007.0,2015,1992
600,Twisted-insane,2014.0,2016,2006
601,Tyler-joseph,2008.0,2008,2008
602,Uncle-murda,2008.0,2008,2008
603,U-god,2005.0,2013,1999
604,Unk,1999.0,1999,1999
605,Vic-mensa,2016.0,2017,2010
606,Vince-staples,2014.0,2017,2011
607,Vinnie-paz,2012.0,2016,2006
608,Vado,2013.0,2015,2010
609,Vakill,2004.5,2011,2003
610,Valete,2004.0,2006,2002
611,Vanilla-ice,1998.0,2011,1989
612,Vast-aire,2004.0,2004,2004
613,Verbal-jint,2009.0,2014,2001
614,Verse-simmonds,2016.0,2016,2016
615,Vic,2008.0,2008,2008
616,Violent-j,2003.0,2009,2003
617,V-nasty,2003.0,2003,2003
618,Waka-flocka-flame,2012.0,2016,2009
619,Wale,2011.0,2017,2005
620,Watsky,2013.0,2016,2007
621,Willow-smith,2015.0,2016,2010
622,Wiz-khalifa,2011.0,2017,2005
623,Wizkid,2014.0,2017,2011
624,Warren-g,1999.0,2015,1994
625,Wc,2002.0,2016,1998
626,Webbie,2009.5,2016,2005
627,Westside-gunn,2016.0,2017,2015
628,William,2013.0,2013,2001
629,Willie-d,1992.0,2003,1989
630,Willie-the-kid,2014.0,2015,2008
631,Will-smith,2002.0,2015,1997
632,Witchdoctor,1998.0,1998,1998
633,Wrekonize,2013.0,2017,2001
634,Wyclef-jean,2003.0,2017,1997
635,Xv,2010.0,2015,2006
636,Xxxtentacion,2016.0,2017,2014
637,Xzibit,2002.0,2012,1996
638,X-raided,2009.0,2012,1991
639,Yelawolf,2011.0,2017,2005
640,Yg,2013.0,2017,2009
641,Yo-gotti,2011.0,2016,1999
642,Young-thug,2014.0,2017,2011
643,Yung-lean,2014.0,2016,2013
644,Ya-boy,2013.0,2016,2013
645,Yaki-kadafi,2004.0,2004,2004
646,Yoonmirae,2016.0,2016,2016
647,Young-bleed,1998.0,2011,1998
648,Young-buck,2015.0,2016,2004
649,Young-chop,2015.0,2017,2013
650,Young-chris,2014.0,2017,2013
651,Young-dro,2006.0,2016,2006
652,Young-maylay,2005.0,2005,2005
653,Young-mc,1989.0,2008,1989
654,Young-noble,2002.0,2012,2002
655,Young-scooter,2014.0,2017,2011
656,Your-old-droog,2014.5,2017,2014
657,Yo-yo-honey-singh,2013.0,2013,2013
658,Yz,2001.0,2017,1990
659,Yukmouth,2003.0,2007,1990
660,Yung6ix,2013.0,2013,2013
661,Yung-berg,2008.0,2010,2007
662,Yung-joc,2006.0,2007,2006
663,Yung-ro,2007.0,2007,2007
664,Yung-wun,2007.0,2007,2007
665,21-savage,2015.0,2017,2015
666,2-chainz,2013.0,2017,2009
667,50-cent,2007.0,2017,2000
668,2-pistols,2008.0,2014,2008
669,360,2011.0,2017,2008
670,9th-wonder,2016.0,2016,2005
671,Mr-cheeks,2001.0,2001,2001
672,Puff-daddy,2002.0,2015,1997
673,A-ap-mob,2012.0,2016,2012
674,A-ap-ferg,2014.0,2017,2013
675,A-ap-nast,2016.0,2016,2016
676,A-ap-ant,2014.0,2014,2014
677,Clipse,2005.0,2009,1999
678,Benzino,2003.0,2005,2003
679,Field-mob,2002.0,2006,2000
680,Youngbloodz,1999.0,2005,1967
681,Outkast,2003.0,2006,1993
682,2pac,2000.0,2016,1991
683,G-unit,2008.0,2016,2003
684,Ying-yang-twins,2004.0,2009,2002
685,Big-tymers,2000.0,2003,1998
686,Ma-e,1999.0,2004,1997
687,Mobb-deep,2003.0,2015,1993
688,Terror-squad,1999.0,2004,1999
689,Pretty-ricky,2005.0,2009,2005
690,Webbie,2009.5,2016,2005
691,Rihanna,2009.0,2016,2005
692,Dem-franchize-boyz,2006.0,2008,2006
693,Jeezy,2011.0,2017,2005
694,Three-6-mafia,2000.0,2008,1994
695,Royce-da-59,2008.0,2017,1997
696,Da-h,2013.0,2015,2011
697,U-o,2009.0,2015,2005
698,Big-d,2012.0,2012,2012
699,Prodigy-of-mobb-deep,2008.0,2017,2000
700,Choppa,2003.0,2003,2002
701,Dj-yella,1996.0,1996,1996
702,Angie-martinez,2001.0,2002,2001
703,Beenie-man,2000.0,2011,1992
704,Nitty-scott,1995.0,1995,1995
705,Lil-cease,1999.0,1999,1999
706,Charli-baltimore,1999.0,1999,1999
707,D-block,2005.0,2005,2005
708,Lil-wil,2005.0,2005,2005
709,Murphy-lee,2003.0,2003,2003
710,St-lunatics,2001.0,2001,2001
711,Jt-the-bigga-figga,1993.0,1996,1993
712,Mc-shan,1987.0,1988,1987
713,Dj-clue,2001.0,2006,1998
714,Scrilla,2017.0,2017,2017
715,Curren-y,2012.0,2017,2004
716,Grandmaster-melle-mel,1984.0,2007,1984
717,San-quinn,2001.0,2006,1998
718,Hodgy,2015.0,2016,2009
719,Kid-capri,1994.5,1998,1991
720,Black-star,1998.0,1998,1997
721,Yasiin-bey,2006.0,2013,1999
722,Talib-kweli,2010.0,2015,2000
723,Wu-tang-clan,2000.0,2015,1992
724,Migos,2014.0,2017,2011
725,Lil-yachty,2016.0,2017,2015
726,Black-thought,2013.0,2013,2013
727,Rapper-big-pooh,2013.0,2015,2009
728,Sean-kingston,2009.0,2013,2007
729,Iggy-azalea,2014.0,2017,2011
730,Obie-trice,2012.0,2015,2003
731,Ras-kass,2006.0,2017,1994
732,Dram,2015.0,2016,2014
733,Montana-of-300,2016.0,2017,2014
734,Jeremih,2014.0,2017,2009
735,Carnage,2015.0,2015,2012
736,The-knocks,2016.0,2017,2011
737,Rich-the-kid,2015.0,2017,2014
738,Chinx,2014.0,2016,2011
739,Jedi-mind-tricks,2004.0,2015,1996
740,Kamaiyah,2016.0,2016,2016
741,Rae-sremmurd,2016.0,2016,2015
742,The-underachievers,2014.0,2017,2013
743,G-herbo,2014.0,2017,2013
744,Nyck-caution,2016.0,2016,2011
745,Kodak-black,2015.0,2017,2013
746,Jon-connor,2013.0,2014,2005
747,Merkules,2012.0,2017,2012
748,Flatbush-zombies,2013.0,2016,2012
749,Dram,2015.0,2016,2014
750,Kidd-kidd,2011.0,2016,2011
751,Stalley,2013.0,2016,2010
752,Joyner-lucas,2015.0,2017,2015
753,Royce-da-59,2008.0,2017,1997
754,Chuck-d,1996.0,2014,1996
755,Juice,2003.0,2008,1996
